AgeBand,Gender,SmokingStatus,BMIBand,ExerciseFreq,PredictedProbability
18-24,F,current,normal,no,0.01233244
18-24,F,current,normal,yes,0.00686619
18-24,F,current,obese,no,0.03373968
18-24,F,current,obese,yes,0.01896709
18-24,F,current,over,no,0.01789097
18-24,F,current,over,yes,0.00998587
18-24,F,current,under,no,0.00814272
18-24,F,current,under,yes,0.00452502
18-24,F,former,normal,no,0.01238440
18-24,F,former,normal,yes,0.00689529
18-24,F,former,obese,no,0.03387876
18-24,F,former,obese,yes,0.01904647
18-24,F,former,over,no,0.01796593
18-24,F,former,over,yes,0.01002805
18-24,F,former,under,no,0.00817717
18-24,F,former,under,yes,0.00454424
18-24,F,never,normal,no,0.01104607
18-24,F,never,normal,yes,0.00614645
18-24,F,never,obese,no,0.03028886
18-24,F,never,obese,yes,0.01700059
18-24,F,never,over,no,0.01603422
18-24,F,never,over,yes,0.00894205
18-24,F,never,under,no,0.00729014
18-24,F,never,under,yes,0.00404969
18-24,M,current,normal,no,0.01566560
18-24,M,current,normal,yes,0.00873503
18-24,M,current,obese,no,0.04260912
18-24,M,current,obese,yes,0.02404978
18-24,M,current,over,no,0.02269196
18-24,M,current,over,yes,0.01269296
18-24,M,current,under,no,0.01035537
18-24,M,current,under,yes,0.00576034
18-24,M,former,normal,no,0.01573139
18-24,M,former,normal,yes,0.00877198
18-24,M,former,obese,no,0.04278315
18-24,M,former,obese,yes,0.02414992
18-24,M,former,over,no,0.02278657
18-24,M,former,over,yes,0.01274643
18-24,M,former,under,no,0.01039910
18-24,M,former,under,yes,0.00578477
18-24,M,never,normal,no,0.01403651
18-24,M,never,normal,yes,0.00782093
18-24,M,never,obese,no,0.03828710
18-24,M,never,obese,yes,0.02156790
18-24,M,never,over,no,0.02034728
18-24,M,never,over,yes,0.01136943
18-24,M,never,under,no,0.00927330
18-24,M,never,under,yes,0.00515591
25-29,F,current,normal,no,0.01498205
25-29,F,current,normal,yes,0.00835132
25-29,F,current,obese,no,0.04079863
25-29,F,current,obese,yes,0.02300894
25-29,F,current,over,no,0.02170857
25-29,F,current,over,yes,0.01213751
25-29,F,current,under,no,0.00990119
25-29,F,current,under,yes,0.00550657
25-29,F,former,normal,no,0.01504501
25-29,F,former,normal,yes,0.00838665
25-29,F,former,obese,no,0.04096557
25-29,F,former,obese,yes,0.02310484
25-29,F,former,over,no,0.02179918
25-29,F,former,over,yes,0.01218867
25-29,F,former,under,no,0.00994302
25-29,F,former,under,yes,0.00552994
25-29,F,never,normal,no,0.01342306
25-29,F,never,normal,yes,0.00747707
25-29,F,never,obese,no,0.03665322
25-29,F,never,obese,yes,0.02063220
25-29,F,never,over,no,0.01946348
25-29,F,never,over,yes,0.01087126
25-29,F,never,under,no,0.00886615
25-29,F,never,under,yes,0.00492864
25-29,M,current,normal,no,0.01901755
25-29,M,current,normal,yes,0.01062005
25-29,M,current,obese,no,0.05142495
25-29,M,current,obese,yes,0.02914257
25-29,M,current,over,no,0.02750532
25-29,M,current,over,yes,0.01541882
25-29,M,current,under,no,0.01258563
25-29,M,current,under,yes,0.00700796
25-29,M,former,normal,no,0.01909715
25-29,M,former,normal,yes,0.01066488
25-29,M,former,obese,no,0.05163304
25-29,M,former,obese,yes,0.02926328
25-29,M,former,over,no,0.02761944
25-29,M,former,over,yes,0.01548359
25-29,M,former,under,no,0.01263865
25-29,M,former,under,yes,0.00703765
25-29,M,never,normal,no,0.01704592
25-29,M,never,normal,yes,0.00951058
25-29,M,never,obese,no,0.04625190
25-29,M,never,obese,yes,0.02614921
25-29,M,never,over,no,0.02467585
25-29,M,never,over,yes,0.01381503
25-29,M,never,under,no,0.01127315
25-29,M,never,under,yes,0.00627345
30-34,F,current,normal,no,0.02363003
30-34,F,current,normal,yes,0.01322328
30-34,F,current,obese,no,0.06338955
30-34,F,current,obese,yes,0.03612033
30-34,F,current,over,no,0.03410483
30-34,F,current,over,yes,0.01917553
30-34,F,current,under,no,0.01566303
30-34,F,current,under,yes,0.00873359
30-34,F,former,normal,no,0.02372846
30-34,F,former,normal,yes,0.01327895
30-34,F,former,obese,no,0.06364281
30-34,F,former,obese,yes,0.03626886
30-34,F,former,over,no,0.03424537
30-34,F,former,over,yes,0.01925578
30-34,F,former,under,no,0.01572881
30-34,F,former,under,yes,0.00877052
30-34,F,never,normal,no,0.02119053
30-34,F,never,normal,yes,0.01184510
30-34,F,never,obese,no,0.05708536
30-34,F,never,obese,yes,0.03243420
30-34,F,never,over,no,0.03061785
30-34,F,never,over,yes,0.01718781
30-34,F,never,under,no,0.01403419
30-34,F,never,under,yes,0.00781964
30-34,M,current,normal,no,0.02992417
30-34,M,current,normal,yes,0.01679312
30-34,M,current,obese,no,0.07941273
30-34,M,current,obese,yes,0.04558607
30-34,M,current,over,no,0.04306598
30-34,M,current,over,yes,0.02431271
30-34,M,current,under,no,0.01987826
30-34,M,current,under,yes,0.01110501
30-34,M,former,normal,no,0.03004801
30-34,M,former,normal,yes,0.01686357
30-34,M,former,obese,no,0.07972455
30-34,M,former,obese,yes,0.04577167
30-34,M,former,over,no,0.04324179
30-34,M,former,over,yes,0.02441391
30-34,M,former,under,no,0.01996138
30-34,M,former,under,yes,0.01115186
30-34,M,never,normal,no,0.02685274
30-34,M,never,normal,yes,0.01504857
30-34,M,never,obese,no,0.07163689
30-34,M,never,obese,yes,0.04097501
30-34,M,never,over,no,0.03869949
30-34,M,never,over,yes,0.02180430
30-34,M,never,under,no,0.01781901
30-34,M,never,under,yes,0.00994538
35-39,F,current,normal,no,0.03173182
35-39,F,current,normal,yes,0.01782213
35-39,F,current,obese,no,0.08395117
35-39,F,current,obese,yes,0.04829273
35-39,F,current,over,no,0.04563017
35-39,F,current,over,yes,0.02579040
35-39,F,current,under,no,0.02109226
35-39,F,current,under,yes,0.01178965
35-39,F,former,normal,no,0.03186290
35-39,F,former,normal,yes,0.01789682
35-39,F,former,obese,no,0.08427918
35-39,F,former,obese,yes,0.04848879
35-39,F,former,over,no,0.04581594
35-39,F,former,over,yes,0.02589759
35-39,F,former,under,no,0.02118035
35-39,F,former,under,yes,0.01183936
35-39,F,never,normal,no,0.02848030
35-39,F,never,normal,yes,0.01597241
35-39,F,never,obese,no,0.07576751
35-39,F,never,obese,yes,0.04342034
35-39,F,never,over,no,0.04101483
35-39,F,never,over,yes,0.02313314
35-39,F,never,under,no,0.01890967
35-39,F,never,under,yes,0.01055930
35-39,M,current,normal,no,0.04009534
35-39,M,current,normal,yes,0.02260508
35-39,M,current,obese,no,0.10459136
35-39,M,current,obese,yes,0.06074733
35-39,M,current,over,no,0.05743955
35-39,M,current,over,yes,0.03264073
35-39,M,current,under,no,0.02672893
35-39,M,current,under,yes,0.01497834
35-39,M,former,normal,no,0.04025953
35-39,M,former,normal,yes,0.02269934
35-39,M,former,obese,no,0.10499078
35-39,M,former,obese,yes,0.06099072
35-39,M,former,over,no,0.05767049
35-39,M,former,over,yes,0.03277543
35-39,M,former,under,no,0.02683992
35-39,M,former,under,yes,0.01504129
35-39,M,never,normal,no,0.03601870
35-39,M,never,normal,yes,0.02026919
35-39,M,never,obese,no,0.09460347
35-39,M,never,obese,yes,0.05469057
35-39,M,never,over,no,0.05169443
35-39,M,never,over,yes,0.02929890
35-39,M,never,under,no,0.02397736
35-39,M,never,under,yes,0.01341974
40-44,F,current,normal,no,0.05235390
40-44,F,current,normal,yes,0.02968161
40-44,F,current,obese,no,0.13381968
40-44,F,current,obese,yes,0.07880161
40-44,F,current,over,no,0.07458881
40-44,F,current,over,yes,0.04272159
40-44,F,current,under,no,0.03505013
40-44,F,current,under,yes,0.01971548
40-44,F,former,normal,no,0.05256554
40-44,F,former,normal,yes,0.02980448
40-44,F,former,obese,no,0.13431397
40-44,F,former,obese,yes,0.07911124
40-44,F,former,over,no,0.07488323
40-44,F,former,over,yes,0.04289606
40-44,F,former,under,no,0.03519442
40-44,F,former,under,yes,0.01979793
40-44,F,never,normal,no,0.04709204
40-44,F,never,normal,yes,0.02663439
40-44,F,never,obese,no,0.12141913
40-44,F,never,obese,yes,0.07108099
40-44,F,never,over,no,0.06725081
40-44,F,never,over,yes,0.03838862
40-44,F,never,under,no,0.03146965
40-44,F,never,under,yes,0.01767279
40-44,M,current,normal,no,0.06578348
40-44,M,current,normal,yes,0.03752569
40-44,M,current,obese,no,0.16451857
40-44,M,current,obese,yes,0.09831162
40-44,M,current,over,no,0.09316127
40-44,M,current,over,yes,0.05382067
40-44,M,current,under,no,0.04424828
40-44,M,current,under,yes,0.02499361
40-44,M,former,normal,no,0.06604563
40-44,M,former,normal,yes,0.03767977
40-44,M,former,obese,no,0.16510463
40-44,M,former,obese,yes,0.09868969
40-44,M,former,over,no,0.09352160
40-44,M,former,over,yes,0.05403790
40-44,M,former,under,no,0.04442869
40-44,M,former,under,yes,0.02509758
40-44,M,never,normal,no,0.05925628
40-44,M,never,normal,yes,0.03370115
40-44,M,never,obese,no,0.14976514
40-44,M,never,obese,yes,0.08886389
40-44,M,never,over,no,0.08416230
40-44,M,never,over,yes,0.04841892
40-44,M,never,under,no,0.03976690
40-44,M,never,under,yes,0.02241657
45-49,F,current,normal,no,0.06713915
45-49,F,current,normal,yes,0.03832291
45-49,F,current,obese,no,0.16754406
45-49,F,current,obese,yes,0.10026568
45-49,F,current,over,no,0.09502376
45-49,F,current,over,yes,0.05494430
45-49,F,current,under,no,0.04518162
45-49,F,current,under,yes,0.02553166
45-49,F,former,normal,no,0.06740631
45-49,F,former,normal,yes,0.03848013
45-49,F,former,obese,no,0.16813873
45-49,F,former,obese,yes,0.10065043
45-49,F,former,over,no,0.09539052
45-49,F,former,over,yes,0.05516580
45-49,F,former,under,no,0.04536565
45-49,F,former,under,yes,0.02563780
45-49,F,never,normal,no,0.06048614
45-49,F,never,normal,yes,0.03442002
45-49,F,never,obese,no,0.15256886
45-49,F,never,obese,yes,0.09064905
45-49,F,never,over,no,0.08586190
45-49,F,never,over,yes,0.04943568
45-49,F,never,under,no,0.04060972
45-49,F,never,under,yes,0.02290044
45-49,M,current,normal,no,0.08402509
45-49,M,current,normal,yes,0.04833691
45-49,M,current,obese,no,0.20415600
45-49,M,current,obese,yes,0.12437237
45-49,M,current,over,no,0.11803548
45-49,M,current,over,yes,0.06898999
45-49,M,current,under,no,0.05688183
45-49,M,current,under,yes,0.03231554
45-49,M,former,normal,no,0.08435337
45-49,M,former,normal,yes,0.04853314
45-49,M,former,obese,no,0.20484865
45-49,M,former,obese,yes,0.12483679
45-49,M,former,over,no,0.11847944
45-49,M,former,over,yes,0.06926396
45-49,M,former,under,no,0.05711067
45-49,M,former,under,yes,0.03244895
45-49,M,never,normal,no,0.07583483
45-49,M,never,normal,yes,0.04346027
45-49,M,never,obese,no,0.18664210
45-49,M,never,obese,yes,0.11273333
45-49,M,never,over,no,0.10691705
45-49,M,never,over,yes,0.06216579
45-49,M,never,under,no,0.05118947
45-49,M,never,under,yes,0.02900601
50-54,F,current,normal,no,0.12027448
50-54,F,current,normal,yes,0.07037288
50-54,F,current,obese,no,0.27658222
50-54,F,current,obese,yes,0.17470806
50-54,F,current,over,no,0.16629358
50-54,F,current,over,yes,0.09945734
50-54,F,current,under,no,0.08247568
50-54,F,current,under,yes,0.04741152
50-54,F,former,normal,no,0.12072571
50-54,F,former,normal,yes,0.07065193
50-54,F,former,obese,no,0.27743493
50-54,F,former,obese,yes,0.17532280
50-54,F,former,over,no,0.16688470
50-54,F,former,over,yes,0.09983934
50-54,F,former,under,no,0.08279845
50-54,F,former,under,yes,0.04760419
50-54,F,never,normal,no,0.10897120
50-54,F,never,normal,yes,0.06342121
50-54,F,never,obese,no,0.25484469
50-54,F,never,obese,yes,0.15921500
50-54,F,never,over,no,0.15140982
50-54,F,never,over,yes,0.08991049
50-54,F,never,under,no,0.07442417
50-54,F,never,under,yes,0.04262406
50-54,M,current,normal,no,0.14839840
50-54,M,current,normal,yes,0.08799541
50-54,M,current,obese,no,0.32764329
50-54,M,current,obese,yes,0.21248590
50-54,M,current,over,no,0.20269880
50-54,M,current,over,yes,0.12339634
50-54,M,current,under,no,0.10279382
50-54,M,current,under,yes,0.05965311
50-54,M,former,normal,no,0.14893727
50-54,M,former,normal,yes,0.08833770
50-54,M,former,obese,no,0.32858191
50-54,M,former,obese,yes,0.21319923
50-54,M,former,over,no,0.20338777
50-54,M,former,over,yes,0.12385764
50-54,M,former,under,no,0.10318716
50-54,M,former,under,yes,0.05989239
50-54,M,never,normal,no,0.13485723
50-54,M,never,normal,yes,0.07945171
50-54,M,never,obese,no,0.30357674
50-54,M,never,obese,yes,0.19443198
50-54,M,never,over,no,0.18528080
50-54,M,never,over,yes,0.11183697
50-54,M,never,under,no,0.09295977
50-54,M,never,under,yes,0.05369921
55-59,F,current,normal,no,0.14444719
55-59,F,current,normal,yes,0.08549102
55-59,F,current,obese,no,0.32071692
55-59,F,current,obese,yes,0.20724358
55-59,F,current,over,no,0.19763735
55-59,F,current,over,yes,0.12001702
55-59,F,current,under,no,0.09991441
55-59,F,current,under,yes,0.05790414
55-59,F,former,normal,no,0.14497416
55-59,F,former,normal,yes,0.08582449
55-59,F,former,obese,no,0.32164520
55-59,F,former,obese,yes,0.20794396
55-59,F,former,over,no,0.19831339
55-59,F,former,over,yes,0.12046741
55-59,F,former,under,no,0.10029796
55-59,F,former,under,yes,0.05813685
55-59,F,never,normal,no,0.13121101
55-59,F,never,normal,yes,0.07716991
55-59,F,never,obese,no,0.29693445
55-59,F,never,obese,yes,0.18952788
55-59,F,never,over,no,0.18055579
55-59,F,never,over,yes,0.10873495
55-59,F,never,under,no,0.09032808
55-59,F,never,under,yes,0.05211513
55-59,M,current,normal,no,0.17708565
55-59,M,current,normal,yes,0.10646581
55-59,M,current,obese,no,0.37569441
55-59,M,current,obese,yes,0.24992619
55-59,M,current,over,no,0.23893782
55-59,M,current,over,yes,0.14809087
55-59,M,current,under,no,0.12394828
55-59,M,current,under,yes,0.07264830
55-59,M,former,normal,no,0.17770696
55-59,M,former,normal,yes,0.10687152
55-59,M,former,obese,no,0.37669358
55-59,M,former,obese,yes,0.25072520
55-59,M,former,over,no,0.23971293
55-59,M,former,over,yes,0.14862882
55-59,M,former,under,no,0.12441134
55-59,M,former,under,yes,0.07293567
55-59,M,never,normal,no,0.16142299
55-59,M,never,normal,yes,0.09631817
55-59,M,never,obese,no,0.34993532
55-59,M,never,obese,yes,0.22961868
55-59,M,never,over,no,0.21926216
55-59,M,never,over,yes,0.13457333
55-59,M,never,under,no,0.11234383
55-59,M,never,under,yes,0.06548770
60-64,F,current,normal,no,0.17822333
60-64,F,current,normal,yes,0.10720890
60-64,F,current,obese,no,0.37752269
60-64,F,current,obese,yes,0.25138887
60-64,F,current,over,no,0.24035680
60-64,F,current,over,yes,0.14907602
60-64,F,current,under,no,0.12479635
60-64,F,current,under,yes,0.07317469
60-64,F,former,normal,no,0.17884776
60-64,F,former,normal,yes,0.10761711
60-64,F,former,obese,no,0.37852376
60-64,F,former,obese,yes,0.25219099
60-64,F,former,over,no,0.24113506
60-64,F,former,over,yes,0.14961692
60-64,F,former,under,no,0.12526213
60-64,F,former,under,yes,0.07346397
60-64,F,never,normal,no,0.16247991
60-64,F,never,normal,yes,0.09699812
60-64,F,never,obese,no,0.35170886
60-64,F,never,obese,yes,0.23099911
60-64,F,never,over,no,0.22059816
60-64,F,never,over,yes,0.13548285
60-64,F,never,under,no,0.11312276
60-64,F,never,under,yes,0.06596589
60-64,M,current,normal,no,0.21656183
60-64,M,current,normal,yes,0.13273866
60-64,M,current,obese,no,0.43598787
60-64,M,current,obese,yes,0.29972590
60-64,M,current,over,no,0.28738692
60-64,M,current,over,yes,0.18253722
60-64,M,current,under,no,0.15379278
60-64,M,current,under,yes,0.09142983
60-64,M,former,normal,no,0.21728507
60-64,M,former,normal,yes,0.13322956
60-64,M,former,obese,no,0.43703514
60-64,M,former,obese,yes,0.30062031
60-64,M,former,over,no,0.28825967
60-64,M,former,over,yes,0.18317341
60-64,M,former,under,no,0.15434769
60-64,M,former,under,yes,0.09178414
60-64,M,never,normal,no,0.19824878
60-64,M,never,normal,yes,0.12042435
60-64,M,never,obese,no,0.40880179
60-64,M,never,obese,yes,0.27686557
60-64,M,never,over,no,0.26511141
60-64,M,never,over,yes,0.16648994
60-64,M,never,under,no,0.13984020
60-64,M,never,under,yes,0.08258288
65-69,F,current,normal,no,0.18633688
65-69,F,current,normal,yes,0.11253225
65-69,F,current,obese,no,0.39039898
65-69,F,current,obese,yes,0.26177225
65-69,F,current,over,no,0.25043695
65-69,F,current,over,yes,0.15611473
65-69,F,current,under,no,0.13086499
65-69,F,current,under,yes,0.07695377
65-69,F,former,normal,no,0.18698328
65-69,F,former,normal,yes,0.11295817
65-69,F,former,obese,no,0.39141273
65-69,F,former,obese,yes,0.26259587
65-69,F,former,over,no,0.25123704
65-69,F,former,over,yes,0.15667647
65-69,F,former,under,no,0.13135002
65-69,F,former,under,yes,0.07725675
65-69,F,never,normal,no,0.17002504
65-69,F,never,normal,yes,0.10187233
65-69,F,never,obese,no,0.36421987
65-69,F,never,obese,yes,0.24081122
65-69,F,never,over,no,0.23010066
65-69,F,never,over,yes,0.14198685
65-69,F,never,under,no,0.11870072
65-69,F,never,under,yes,0.06940056
65-69,M,current,normal,no,0.22594086
65-69,M,current,normal,yes,0.13913212
65-69,M,current,obese,no,0.44941856
65-69,M,current,obese,yes,0.31127563
65-69,M,current,over,no,0.29866396
65-69,M,current,over,yes,0.19080157
65-69,M,current,under,no,0.16101205
65-69,M,current,under,yes,0.09605399
65-69,M,former,normal,no,0.22668637
65-69,M,former,normal,yes,0.13964286
65-69,M,former,obese,no,0.45047231
65-69,M,former,obese,yes,0.31218914
65-69,M,former,over,no,0.29955656
65-69,M,former,over,yes,0.19145981
65-69,M,former,under,no,0.16158804
65-69,M,former,under,yes,0.09642431
65-69,M,never,normal,no,0.20704429
65-69,M,never,normal,yes,0.12631107
65-69,M,never,obese,no,0.42202163
65-69,M,never,obese,yes,0.28789655
65-69,M,never,over,no,0.27585272
65-69,M,never,over,yes,0.17418256
65-69,M,never,under,no,0.14651793
65-69,M,never,under,yes,0.08680234
70-74,F,current,normal,no,0.20189296
70-74,F,current,normal,yes,0.12285719
70-74,F,current,obese,no,0.41431627
70-74,F,current,obese,yes,0.28144758
70-74,F,current,over,no,0.26957141
70-74,F,current,over,yes,0.16967389
70-74,F,current,under,no,0.14260169
70-74,F,current,under,yes,0.08432452
70-74,F,former,normal,no,0.20257988
70-74,F,former,normal,yes,0.12331675
70-74,F,former,obese,no,0.41534981
70-74,F,former,obese,yes,0.28230944
70-74,F,former,over,no,0.27041058
70-74,F,former,over,yes,0.17027458
70-74,F,former,under,no,0.14312306
70-74,F,former,under,yes,0.08465386
70-74,F,never,normal,no,0.18452818
70-74,F,never,normal,yes,0.11134191
70-74,F,never,obese,no,0.38755297
70-74,F,never,obese,yes,0.25946481
70-74,F,never,over,no,0.24819584
70-74,F,never,over,yes,0.15454366
70-74,F,never,under,no,0.12950903
70-74,F,never,under,yes,0.07610750
70-74,M,current,normal,no,0.24381250
70-74,M,current,normal,yes,0.15148104
70-74,M,current,obese,no,0.47413932
70-74,M,current,obese,yes,0.33299341
70-74,M,current,over,no,0.31991054
70-74,M,current,over,yes,0.20663572
70-74,M,current,under,no,0.17490840
70-74,M,current,under,yes,0.10504599
70-74,M,former,normal,no,0.24459834
70-74,M,former,normal,yes,0.15202911
70-74,M,former,obese,no,0.47520101
70-74,M,former,obese,yes,0.33393975
70-74,M,former,over,no,0.32083759
70-74,M,former,over,yes,0.20733459
70-74,M,former,under,no,0.17552371
70-74,M,former,under,yes,0.10544693
70-74,M,never,normal,no,0.22385350
70-74,M,never,normal,yes,0.13770407
70-74,M,never,obese,no,0.44645740
70-74,M,never,obese,yes,0.30871432
70-74,M,never,over,no,0.29616180
70-74,M,never,over,yes,0.18895960
70-74,M,never,under,no,0.15940101
70-74,M,never,under,yes,0.09501929
75-79,F,current,normal,no,0.22327580
75-79,F,current,normal,yes,0.13730936
75-79,F,current,obese,no,0.44563506
75-79,F,current,obese,yes,0.30800453
75-79,F,current,over,no,0.29546853
75-79,F,current,over,yes,0.18845008
75-79,F,current,under,no,0.15895558
75-79,F,current,under,yes,0.09473349
75-79,F,former,normal,no,0.22401505
75-79,F,former,normal,yes,0.13781449
75-79,F,former,obese,no,0.44668715
75-79,F,former,obese,yes,0.30891275
75-79,F,former,over,no,0.29635562
75-79,F,former,over,yes,0.18910210
75-79,F,former,under,no,0.15952561
75-79,F,former,under,yes,0.09509926
75-79,F,never,normal,no,0.20454322
75-79,F,never,normal,yes,0.12463197
75-79,F,never,obese,no,0.41829356
75-79,F,never,obese,yes,0.28476955
75-79,F,never,over,no,0.27280642
75-79,F,never,over,yes,0.17199235
75-79,F,never,under,no,0.14461467
75-79,F,never,under,yes,0.08559698
75-79,M,current,normal,no,0.26814346
75-79,M,current,normal,yes,0.16865292
75-79,M,current,obese,no,0.50607280
75-79,M,current,obese,yes,0.36196405
75-79,M,current,over,no,0.34833739
75-79,M,current,over,yes,0.22837714
75-79,M,current,under,no,0.19412842
75-79,M,current,under,yes,0.11768406
75-79,M,former,normal,no,0.26897983
75-79,M,former,normal,yes,0.16925073
75-79,M,former,obese,no,0.50713703
75-79,M,former,obese,yes,0.36294793
75-79,M,former,over,no,0.34930450
75-79,M,former,over,yes,0.22912830
75-79,M,former,under,no,0.19479538
75-79,M,former,under,yes,0.11812688
75-79,M,never,normal,no,0.24684285
75-79,M,never,normal,yes,0.15359690
75-79,M,never,obese,no,0.47822198
75-79,M,never,obese,yes,0.33663874
75-79,M,never,over,no,0.32348211
75-79,M,never,over,yes,0.20933191
75-79,M,never,under,no,0.17728312
75-79,M,never,under,yes,0.10659473
80-99,F,current,normal,no,0.19932715
80-99,F,current,normal,yes,0.12114337
80-99,F,current,obese,no,0.41043915
80-99,F,current,obese,yes,0.27822318
80-99,F,current,over,no,0.26643262
80-99,F,current,over,yes,0.16743164
80-99,F,current,under,no,0.14065660
80-99,F,current,under,yes,0.08309729
80-99,F,former,normal,no,0.20000753
80-99,F,former,normal,yes,0.12159740
80-99,F,former,obese,no,0.41146981
80-99,F,former,obese,yes,0.27907900
80-99,F,former,over,no,0.26726560
80-99,F,former,over,yes,0.16802600
80-99,F,former,under,no,0.14117203
80-99,F,former,under,yes,0.08342227
80-99,F,never,normal,no,0.18213269
80-99,F,never,normal,yes,0.10976862
80-99,F,never,obese,no,0.38376219
80-99,F,never,obese,yes,0.25640239
80-99,F,never,over,no,0.24522238
80-99,F,never,over,yes,0.15246465
80-99,F,never,under,no,0.12771592
80-99,F,never,under,yes,0.07499006
80-99,M,current,normal,no,0.24087473
80-99,M,current,normal,yes,0.14943594
80-99,M,current,obese,no,0.47015177
80-99,M,current,obese,yes,0.32944923
80-99,M,current,over,no,0.31643955
80-99,M,current,over,yes,0.20402504
80-99,M,current,under,no,0.17261136
80-99,M,current,under,yes,0.10355129
80-99,M,former,normal,no,0.24165413
80-99,M,former,normal,yes,0.14997793
80-99,M,former,obese,no,0.47121253
80-99,M,former,obese,yes,0.33039049
80-99,M,former,over,no,0.31736123
80-99,M,former,over,yes,0.20471736
80-99,M,former,under,no,0.17322028
80-99,M,former,under,yes,0.10394719
80-99,M,never,normal,no,0.22108591
80-99,M,never,normal,yes,0.13581520
80-99,M,never,obese,no,0.44250675
80-99,M,never,obese,yes,0.30531027
80-99,M,never,over,no,0.29283753
80-99,M,never,over,yes,0.18651974
80-99,M,never,under,no,0.15726881
80-99,M,never,under,yes,0.09365233
