ContractNumber,CustLastName,CustFirstName,CustMiddleInitial,CustSuffix,CustDOB,Role,BenefitReference,StartDate,EndDate,Customer_CustomerID,Contract_ContractID,ContractBenefit_ContractBenefitID,ContractPartyID
POL49482835,Russo,Hewitt,B,Jr,1945-01-01,Owner,BEN48467,2015-01-01,,180,118,,1
POL62499295,Mynard,Bale,P,NA,1945-01-02,Insured,BEN33214,2015-01-02,,34,182,,2
POL25421198,Rielly,Erinna,R,Jr,1945-01-03,Beneficiary,BEN99972,2015-01-03,,795,451,,3
POL60119121,Sinfield,Juliet,P,Sr,1945-01-04,Insured,BEN05532,2015-01-04,,311,19,,4
POL70319454,Hiskey,Drona,L,Jr,1945-01-05,Beneficiary,BEN24052,2015-01-05,,298,297,,5
POL87282861,Sarll,Roxanna,Q,II,1945-01-06,Insured,BEN73025,2015-01-06,,986,52,,6
POL43338882,McAirt,Ellsworth,T,Jr,1945-01-07,Owner,BEN35972,2015-01-07,,287,299,,7
POL30970428,Bolletti,Alberta,H,II,1945-01-08,Payor,BEN35762,2015-01-08,2026-01-08,585,84,,8
POL71328604,Beamson,Giacopo,D,III,1945-01-09,Owner,BEN04212,2015-01-09,2026-01-09,566,294,,9
POL45580574,Uman,Sibylla,E,II,1945-01-10,Insured,BEN55709,2015-01-10,2026-01-10,591,13,,10
POL79445752,Andreopolos,Anabella,I,III,1945-01-11,Beneficiary,BEN45278,2015-01-11,,834,355,,11
POL31935352,Ochterlony,Millard,U,III,1945-01-12,Beneficiary,BEN66554,2015-01-12,,935,49,,12
POL44720774,Arne,Inessa,L,Sr,1945-01-13,Owner,BEN60037,2015-01-13,,916,270,,13
POL09860910,Binning,Cobbie,O,III,1945-01-14,Beneficiary,BEN17446,2015-01-14,,224,271,,14
POL80134371,Elloy,Calley,K,III,1945-01-15,Insured,BEN74773,2015-01-15,,665,193,,15
POL13574094,Giblin,Giffy,D,III,1945-01-16,Insured,BEN00044,2015-01-16,,888,406,,16
POL45078522,Rosencrantz,Bern,B,Jr,1945-01-17,Beneficiary,BEN28132,2015-01-17,,811,13,,17
POL90233737,Harner,Nikita,O,Sr,1945-01-18,Beneficiary,BEN79396,2015-01-18,2026-01-18,791,205,,18
POL50741135,Cato,Shayne,U,Sr,1945-01-19,Insured,BEN92880,2015-01-19,2026-01-19,154,108,,19
POL45293565,Ralph,Hermina,I,Jr,1945-01-20,Insured,BEN15736,2015-01-20,2026-01-20,79,185,,20
POL14529739,Bisacre,Octavius,D,Sr,1945-01-21,Insured,BEN91452,2015-01-21,,891,173,,21
POL42733482,Agron,Rosemarie,K,Jr,1945-01-22,Payor,BEN66089,2015-01-22,,993,332,,22
POL44664219,Oty,Curran,A,Jr,1945-01-23,Beneficiary,BEN79770,2015-01-23,,342,474,,23
POL96872690,Eaton,Miquela,B,Sr,1945-01-24,Payor,BEN09155,2015-01-24,,263,186,,24
POL29085325,Herculson,Dolli,L,Jr,1945-01-25,Insured,BEN00192,2015-01-25,,404,428,,25
POL42847663,Speake,Phoebe,X,NA,1945-01-26,Owner,BEN56943,2015-01-26,,162,327,,26
POL09181443,Nisot,Aubrette,G,Sr,1945-01-27,Owner,BEN48127,2015-01-27,,89,357,,27
POL32726012,Hiddsley,Panchito,K,III,1945-01-28,Beneficiary,BEN58128,2015-01-28,2026-01-28,801,472,,28
POL98231558,Petofi,Desirae,Z,Jr,1945-01-29,Owner,BEN85697,2015-01-29,2026-01-29,71,145,,29
POL38062318,Pettifer,Garvy,P,III,1945-01-30,Payor,BEN48076,2015-01-30,2026-01-30,487,448,,30
POL71360511,Speller,Casey,D,Sr,1945-01-31,Insured,BEN00965,2015-01-31,,261,224,,31
POL42548717,Ketts,Gracie,C,NA,1945-02-01,Owner,BEN44811,2015-02-01,,421,98,,32
POL25796585,Berndtsson,Arluene,I,NA,1945-02-02,Beneficiary,BEN22020,2015-02-02,,940,358,,33
POL50154216,Gyrgorwicx,Carita,J,II,1945-02-03,Payor,BEN04938,2015-02-03,,492,58,,34
POL24197513,Gunnell,Dael,O,III,1945-02-04,Insured,BEN19438,2015-02-04,,676,245,,35
POL47167007,Abbate,Hendrick,Q,NA,1945-02-05,Owner,BEN76769,2015-02-05,,196,99,,36
POL62532114,Hartell,Gael,M,Jr,1945-02-06,Beneficiary,BEN82081,2015-02-06,,744,301,,37
POL71662776,Cicullo,Tymon,Q,Jr,1945-02-07,Owner,BEN03300,2015-02-07,2026-02-07,41,400,,38
POL28110128,Culbert,Malvina,T,III,1945-02-08,Payor,BEN84704,2015-02-08,2026-02-08,888,356,,39
POL40317917,Rehorek,Huntington,O,NA,1945-02-09,Payor,BEN52197,2015-02-09,2026-02-09,834,23,,40
POL56527255,Keirl,Ted,J,NA,1945-02-10,Insured,BEN02108,2015-02-10,,429,71,,41
POL80744823,Picopp,Ivy,J,Jr,1945-02-11,Beneficiary,BEN72026,2015-02-11,,583,383,,42
POL21092831,Prendergrast,Isabel,Z,II,1945-02-12,Owner,BEN02785,2015-02-12,,439,397,,43
POL58545706,Roomes,Natalina,U,Sr,1945-02-13,Beneficiary,BEN58247,2015-02-13,,438,16,,44
POL38525939,Milillo,Roy,S,NA,1945-02-14,Owner,BEN07378,2015-02-14,,638,199,,45
POL42733576,Maundrell,Charles,P,Sr,1945-02-15,Insured,BEN26018,2015-02-15,,24,193,,46
POL89525942,Fries,Damiano,Y,NA,1945-02-16,Owner,BEN60036,2015-02-16,,102,302,,47
POL96584211,Thorold,Joy,D,Jr,1945-02-17,Payor,BEN05259,2015-02-17,2026-02-17,938,62,,48
POL30648208,Buten,Carter,H,II,1945-02-18,Beneficiary,BEN41851,2015-02-18,2026-02-18,727,450,,49
POL55335395,Gelsthorpe,Lauren,I,III,1945-02-19,Owner,BEN30589,2015-02-19,2026-02-19,827,131,,50
POL97257279,Stilldale,Josh,M,NA,1945-02-20,Payor,BEN04300,2015-02-20,,882,56,,51
POL26504552,Lakes,Roshelle,W,Sr,1945-02-21,Owner,BEN22881,2015-02-21,,262,457,,52
POL18003173,Ricci,Gustaf,E,Sr,1945-02-22,Owner,BEN75421,2015-02-22,,303,440,,53
POL62418482,Pruckner,Laraine,G,Sr,1945-02-23,Payor,BEN60126,2015-02-23,,157,282,,54
POL30636027,Leah,Mace,L,Sr,1945-02-24,Payor,BEN22446,2015-02-24,,278,488,,55
POL66275043,Abel,Thacher,T,II,1945-02-25,Payor,BEN23511,2015-02-25,,960,41,,56
POL03235320,Stuchbury,Julee,L,Jr,1945-02-26,Payor,BEN05665,2015-02-26,,297,474,,57
POL89419767,Jodrelle,Adelle,X,Sr,1945-02-27,Insured,BEN46509,2015-02-27,2026-02-27,206,191,,58
POL92770276,Krolman,Cyndi,B,Sr,1945-02-28,Beneficiary,BEN61014,2015-02-28,2026-02-28,465,218,,59
POL71447739,De Atta,Torin,B,NA,1945-03-01,Insured,BEN88724,2015-03-01,2026-03-01,10,379,,60
POL48202278,Hearn,Marie,A,III,1945-03-02,Payor,BEN83058,2015-03-02,,484,97,,61
POL59946152,Boldry,Austin,U,III,1945-03-03,Insured,BEN63055,2015-03-03,,626,135,,62
POL99545541,Strattan,Kerrin,M,NA,1945-03-04,Payor,BEN17887,2015-03-04,,177,371,,63
POL94435820,Langridge,Granville,I,Jr,1945-03-05,Owner,BEN48869,2015-03-05,,143,395,,64
POL37141564,Brisley,Thurstan,N,III,1945-03-06,Owner,BEN58278,2015-03-06,,897,68,,65
POL13092893,Ellams,Boy,T,III,1945-03-07,Beneficiary,BEN98749,2015-03-07,,114,90,,66
POL47797126,Hasselby,Carlie,G,Jr,1945-03-08,Insured,BEN23635,2015-03-08,,811,248,,67
POL09795386,Reek,Rhys,H,Sr,1945-03-09,Insured,BEN80137,2015-03-09,2026-03-09,245,370,,68
POL62332570,Nolder,Anna-diana,A,Sr,1945-03-10,Beneficiary,BEN43816,2015-03-10,2026-03-10,612,86,,69
POL04920109,Lamble,Kearney,M,NA,1945-03-11,Insured,BEN91185,2015-03-11,2026-03-11,990,192,,70
POL23631742,Falck,Nerti,B,II,1945-03-12,Beneficiary,BEN05894,2015-03-12,,461,212,,71
POL40019720,Gabites,Gherardo,R,NA,1945-03-13,Beneficiary,BEN53865,2015-03-13,,630,496,,72
POL88215136,Tidcomb,Corabel,L,NA,1945-03-14,Insured,BEN11254,2015-03-14,,926,66,,73
POL50298092,Jowle,Emanuele,I,III,1945-03-15,Owner,BEN60223,2015-03-15,,475,183,,74
POL57504394,Gabey,Mirilla,Z,III,1945-03-16,Owner,BEN32012,2015-03-16,,591,377,,75
POL80569390,Braga,Toiboid,T,II,1945-03-17,Owner,BEN62725,2015-03-17,,26,350,,76
POL85196934,Gianullo,Brittan,N,NA,1945-03-18,Owner,BEN44655,2015-03-18,,631,424,,77
POL56835248,Guinan,Yalonda,Y,II,1945-03-19,Beneficiary,BEN09446,2015-03-19,2026-03-19,466,99,,78
POL00498100,Mongan,Mannie,M,Sr,1945-03-20,Owner,BEN58887,2015-03-20,2026-03-20,789,430,,79
POL65038456,Reekie,Ricki,V,NA,1945-03-21,Insured,BEN47997,2015-03-21,2026-03-21,790,302,,80
POL70196419,Mulder,Cherish,Q,Jr,1945-03-22,Owner,BEN42628,2015-03-22,,65,308,,81
POL52903288,McGeraghty,Yule,D,Sr,1945-03-23,Beneficiary,BEN05687,2015-03-23,,175,427,,82
POL71486889,Harme,Shaina,Y,Sr,1945-03-24,Insured,BEN47506,2015-03-24,,506,186,,83
POL88352427,Stride,Angelina,D,NA,1945-03-25,Payor,BEN64526,2015-03-25,,621,101,,84
POL47458249,Renton,Malynda,I,NA,1945-03-26,Payor,BEN35919,2015-03-26,,265,111,,85
POL40721920,Birchner,Shelba,E,II,1945-03-27,Beneficiary,BEN06684,2015-03-27,,75,6,,86
POL46803858,Benallack,Maxie,J,III,1945-03-28,Insured,BEN18611,2015-03-28,,663,350,,87
POL49558147,McCome,Park,V,Jr,1945-03-29,Payor,BEN91120,2015-03-29,2026-03-29,535,274,,88
POL81738596,Chimienti,Way,Y,Jr,1945-03-30,Insured,BEN69068,2015-03-30,2026-03-30,572,403,,89
POL20707047,Paffot,Tammy,T,III,1945-03-31,Beneficiary,BEN30164,2015-03-31,2026-03-31,467,458,,90
POL33617872,Maryska,Jerrine,B,Sr,1945-04-01,Beneficiary,BEN22887,2015-04-01,,573,290,,91
POL86149087,Wegenen,Brandon,Y,Sr,1945-04-02,Payor,BEN95387,2015-04-02,,163,202,,92
POL50062007,Clews,Dominik,W,III,1945-04-03,Payor,BEN67895,2015-04-03,,925,103,,93
POL66982328,Braam,Desiree,S,III,1945-04-04,Beneficiary,BEN53014,2015-04-04,,843,362,,94
POL39352668,Tigner,Caitrin,Y,Sr,1945-04-05,Beneficiary,BEN31873,2015-04-05,,988,33,,95
POL43133577,Mullins,Erek,J,II,1945-04-06,Beneficiary,BEN72293,2015-04-06,,723,138,,96
POL31538496,Stainsby,Riobard,F,Jr,1945-04-07,Owner,BEN38782,2015-04-07,,902,99,,97
POL53688702,Tomblett,Florina,B,NA,1945-04-08,Insured,BEN58892,2015-04-08,2026-04-08,401,363,,98
POL50969603,Bathurst,Lynn,H,Jr,1945-04-09,Payor,BEN37356,2015-04-09,2026-04-09,189,176,,99
POL49200889,Kimberly,Garreth,D,Jr,1945-04-10,Payor,BEN99225,2015-04-10,2026-04-10,989,366,,100
POL48585522,Adanet,Ebeneser,L,Sr,1945-04-11,Insured,BEN88936,2015-04-11,,391,176,,101
POL14679568,Edling,Hyacinthie,L,Sr,1945-04-12,Owner,BEN57358,2015-04-12,,66,147,,102
POL98931604,Sparsholt,Kaylyn,E,Jr,1945-04-13,Beneficiary,BEN58947,2015-04-13,,765,340,,103
POL73056070,Dumbreck,Camille,Q,III,1945-04-14,Beneficiary,BEN49789,2015-04-14,,527,308,,104
POL11970059,De Matteis,Marya,A,III,1945-04-15,Beneficiary,BEN04611,2015-04-15,,535,493,,105
POL72884670,Clemence,Krista,W,III,1945-04-16,Beneficiary,BEN24797,2015-04-16,,224,443,,106
POL62527035,Greenalf,Nikki,L,Jr,1945-04-17,Payor,BEN38430,2015-04-17,,578,275,,107
POL26888365,Bucklee,Gabe,N,III,1945-04-18,Beneficiary,BEN71827,2015-04-18,2026-04-18,70,474,,108
POL27397737,Crichmer,Ronnie,B,III,1945-04-19,Insured,BEN08047,2015-04-19,2026-04-19,168,104,,109
POL36372793,Halt,Gerrilee,H,NA,1945-04-20,Beneficiary,BEN62573,2015-04-20,2026-04-20,917,75,,110
POL75941885,Valentine,Ignacio,P,Sr,1945-04-21,Beneficiary,BEN94351,2015-04-21,,782,287,,111
POL72268010,Dicky,Gui,I,III,1945-04-22,Insured,BEN61711,2015-04-22,,318,15,,112
POL42842671,O' Finan,Barnaby,C,Jr,1945-04-23,Beneficiary,BEN29057,2015-04-23,,309,163,,113
POL64766039,Glason,Gian,L,II,1945-04-24,Owner,BEN54551,2015-04-24,,310,304,,114
POL24689948,Chettle,Aveline,M,II,1945-04-25,Owner,BEN93061,2015-04-25,,833,65,,115
POL15733822,Alderson,Welbie,S,III,1945-04-26,Insured,BEN13001,2015-04-26,,148,368,,116
POL96171388,McGilbon,Roxanna,U,III,1945-04-27,Payor,BEN15084,2015-04-27,,459,327,,117
POL97242936,Thorold,Ariana,S,III,1945-04-28,Insured,BEN91716,2015-04-28,2026-04-28,28,114,,118
POL03933034,Ivasyushkin,Kai,F,III,1945-04-29,Owner,BEN11151,2015-04-29,2026-04-29,270,449,,119
POL27182816,Kaasmann,Verina,V,NA,1945-04-30,Owner,BEN68252,2015-04-30,2026-04-30,285,382,,120
POL49694324,Horsburgh,Liza,X,NA,1945-05-01,Payor,BEN18211,2015-05-01,,430,380,,121
POL96148379,Hoyle,John,W,Jr,1945-05-02,Insured,BEN05603,2015-05-02,,744,421,,122
POL75392627,Threlfall,Norbert,E,Sr,1945-05-03,Payor,BEN86922,2015-05-03,,60,59,,123
POL98084517,Tutchener,Collin,C,III,1945-05-04,Beneficiary,BEN65441,2015-05-04,,68,51,,124
POL24766520,Nye,Helena,G,NA,1945-05-05,Beneficiary,BEN77391,2015-05-05,,824,469,,125
POL36100842,Dumingo,Paten,P,NA,1945-05-06,Owner,BEN36844,2015-05-06,,945,219,,126
POL45625794,Durling,Erminia,C,Jr,1945-05-07,Owner,BEN82275,2015-05-07,,847,245,,127
POL88220734,Locke,Brad,G,Sr,1945-05-08,Payor,BEN54063,2015-05-08,2026-05-08,819,422,,128
POL26960406,Dulany,Bancroft,I,III,1945-05-09,Owner,BEN15606,2015-05-09,2026-05-09,308,195,,129
POL86671808,Unsworth,Candra,S,III,1945-05-10,Insured,BEN18790,2015-05-10,2026-05-10,215,446,,130
POL56449559,Folini,Hesther,R,NA,1945-05-11,Owner,BEN02812,2015-05-11,,840,155,,131
POL89058949,Comini,Ann,J,II,1945-05-12,Insured,BEN32688,2015-05-12,,819,366,,132
POL39599238,Mc Mechan,Lydon,C,Jr,1945-05-13,Insured,BEN46712,2015-05-13,,992,391,,133
POL91005501,Dargavel,Margit,J,NA,1945-05-14,Insured,BEN25292,2015-05-14,,233,409,,134
POL99497446,Grouer,Eleonore,R,III,1945-05-15,Insured,BEN24019,2015-05-15,,121,49,,135
POL05617397,Impett,Harrietta,R,Jr,1945-05-16,Owner,BEN16850,2015-05-16,,450,273,,136
POL84229010,Keat,Holly-anne,R,Jr,1945-05-17,Payor,BEN30232,2015-05-17,,887,387,,137
POL04937455,Minter,Jocelyne,Q,II,1945-05-18,Payor,BEN93732,2015-05-18,2026-05-18,731,310,,138
POL30145205,L'Hommee,Kit,F,Sr,1945-05-19,Payor,BEN20371,2015-05-19,2026-05-19,823,371,,139
POL08112133,Beggi,Garwood,S,Sr,1945-05-20,Owner,BEN64550,2015-05-20,2026-05-20,725,167,,140
POL99758985,Galvin,Raoul,S,Jr,1945-05-21,Payor,BEN87700,2015-05-21,,75,294,,141
POL05535764,Bachura,Teddi,V,Sr,1945-05-22,Payor,BEN61880,2015-05-22,,266,131,,142
POL32204860,Erdely,Dewey,S,NA,1945-05-23,Beneficiary,BEN89744,2015-05-23,,727,193,,143
POL25334771,Ferrettino,Jenny,A,Jr,1945-05-24,Beneficiary,BEN86318,2015-05-24,,627,403,,144
POL72277395,Spellard,Morgun,U,II,1945-05-25,Beneficiary,BEN84100,2015-05-25,,334,369,,145
POL29629571,Innocenti,Yorgos,K,Jr,1945-05-26,Insured,BEN94861,2015-05-26,,290,61,,146
POL68202243,Gilkes,Shalne,L,III,1945-05-27,Payor,BEN80482,2015-05-27,,420,110,,147
POL48058252,Landy,Tabbie,D,Jr,1945-05-28,Insured,BEN97407,2015-05-28,2026-05-28,141,489,,148
POL42975644,Defrain,Charlotte,F,II,1945-05-29,Payor,BEN68526,2015-05-29,2026-05-29,235,481,,149
POL35994002,Durnford,Edik,J,Jr,1945-05-30,Beneficiary,BEN76692,2015-05-30,2026-05-30,197,298,,150
POL38842620,Managh,Sadye,W,NA,1945-05-31,Payor,BEN67216,2015-05-31,,299,403,,151
POL68667530,Klazenga,Gusti,J,Jr,1945-06-01,Insured,BEN58877,2015-06-01,,639,330,,152
POL22605384,Tregoning,Clayson,K,Jr,1945-06-02,Beneficiary,BEN06124,2015-06-02,,727,253,,153
POL39799979,Lyste,Jennica,L,Sr,1945-06-03,Insured,BEN17208,2015-06-03,,638,44,,154
POL96524831,McGruar,Carita,O,Sr,1945-06-04,Beneficiary,BEN00747,2015-06-04,,365,432,,155
POL79730599,Huck,Averyl,R,Jr,1945-06-05,Insured,BEN75501,2015-06-05,,787,94,,156
POL09655975,Tillot,Siward,Z,II,1945-06-06,Insured,BEN37480,2015-06-06,,627,189,,157
POL60518923,Tohill,Merrick,N,II,1945-06-07,Owner,BEN78679,2015-06-07,2026-06-07,805,116,,158
POL75883901,Playhill,Amalie,W,Jr,1945-06-08,Beneficiary,BEN93110,2015-06-08,2026-06-08,761,124,,159
POL55910710,Sissens,Matteo,C,NA,1945-06-09,Owner,BEN09218,2015-06-09,2026-06-09,323,123,,160
POL22651570,Zuenelli,Ilyse,Z,III,1945-06-10,Payor,BEN25692,2015-06-10,,819,353,,161
POL32107987,McKeurtan,Eveline,Q,NA,1945-06-11,Owner,BEN26530,2015-06-11,,946,154,,162
POL80242446,Thorius,Ethe,R,III,1945-06-12,Owner,BEN67851,2015-06-12,,567,68,,163
POL66160187,Willoway,Paige,I,Jr,1945-06-13,Payor,BEN00563,2015-06-13,,897,208,,164
POL28935772,Sawart,Shauna,U,III,1945-06-14,Beneficiary,BEN89059,2015-06-14,,224,143,,165
POL54235826,Galle,Kilian,M,III,1945-06-15,Beneficiary,BEN91012,2015-06-15,,114,15,,166
POL99796534,Boyn,Lesley,F,III,1945-06-16,Insured,BEN42387,2015-06-16,,201,499,,167
POL09958030,Gearing,Mattie,C,III,1945-06-17,Owner,BEN66210,2015-06-17,2026-06-17,220,302,,168
POL03357053,Arent,Cosette,K,III,1945-06-18,Payor,BEN97377,2015-06-18,2026-06-18,992,409,,169
POL93703941,Leftbridge,Eadie,S,III,1945-06-19,Beneficiary,BEN96872,2015-06-19,2026-06-19,985,173,,170
POL39206902,Gotcliff,Jewell,K,NA,1945-06-20,Payor,BEN01932,2015-06-20,,992,231,,171
POL19065576,Loffel,Granger,H,III,1945-06-21,Insured,BEN80976,2015-06-21,,215,491,,172
POL38208658,Marrison,Brig,Q,Sr,1945-06-22,Insured,BEN18769,2015-06-22,,821,9,,173
POL05492217,Mariaud,Wendall,K,Sr,1945-06-23,Beneficiary,BEN23714,2015-06-23,,602,405,,174
POL00073115,Gebhardt,Elyssa,D,III,1945-06-24,Insured,BEN33787,2015-06-24,,361,466,,175
POL96891339,Wenham,Yard,Q,III,1945-06-25,Insured,BEN36877,2015-06-25,,669,292,,176
POL88827897,MacCorley,Deb,H,Jr,1945-06-26,Insured,BEN28404,2015-06-26,,117,73,,177
POL31846670,Amies,Bradley,K,Sr,1945-06-27,Beneficiary,BEN67582,2015-06-27,2026-06-27,674,194,,178
POL49457306,Nash,Ram,K,NA,1945-06-28,Payor,BEN61558,2015-06-28,2026-06-28,932,117,,179
POL72701333,Forcer,Latisha,R,II,1945-06-29,Payor,BEN56437,2015-06-29,2026-06-29,90,387,,180
POL31338248,Dunckley,Orly,D,Jr,1945-06-30,Owner,BEN63196,2015-06-30,,957,138,,181
POL80461327,Vsanelli,Araldo,A,Sr,1945-07-01,Beneficiary,BEN18477,2015-07-01,,949,278,,182
POL66389672,Westerman,Dita,D,II,1945-07-02,Insured,BEN74770,2015-07-02,,126,227,,183
POL74262457,Kulver,Buffy,N,Jr,1945-07-03,Payor,BEN72360,2015-07-03,,507,492,,184
POL50359562,Mont,Pip,P,Sr,1945-07-04,Owner,BEN49650,2015-07-04,,909,129,,185
POL37022306,Harrisson,Lurline,Y,Sr,1945-07-05,Beneficiary,BEN81312,2015-07-05,,525,119,,186
POL91794274,Berkely,Robbie,J,Sr,1945-07-06,Insured,BEN37557,2015-07-06,,496,428,,187
POL86440837,Petrolli,Savina,I,Jr,1945-07-07,Payor,BEN85260,2015-07-07,2026-07-07,921,350,,188
POL87176869,Simla,Webb,P,Sr,1945-07-08,Insured,BEN78887,2015-07-08,2026-07-08,424,201,,189
POL58780127,Collings,Aymer,G,II,1945-07-09,Beneficiary,BEN32549,2015-07-09,2026-07-09,52,375,,190
POL09874911,Rogers,Linnell,Z,Sr,1945-07-10,Insured,BEN81636,2015-07-10,,233,138,,191
POL67112938,Womersley,Nessa,D,Jr,1945-07-11,Beneficiary,BEN83004,2015-07-11,,469,416,,192
POL85151849,Ducket,Dorris,L,II,1945-07-12,Owner,BEN58826,2015-07-12,,512,415,,193
POL93217968,Sannes,Mateo,V,NA,1945-07-13,Beneficiary,BEN40310,2015-07-13,,690,238,,194
POL90544696,Summerton,Sarge,Z,Jr,1945-07-14,Beneficiary,BEN47493,2015-07-14,,184,50,,195
POL45730308,Raffan,Sylvia,Z,NA,1945-07-15,Insured,BEN46818,2015-07-15,,915,223,,196
POL54127805,Clamp,Jonis,M,Sr,1945-07-16,Owner,BEN95688,2015-07-16,,525,448,,197
POL18186469,Vogl,Erinn,D,III,1945-07-17,Beneficiary,BEN16267,2015-07-17,2026-07-17,585,370,,198
POL34214804,Cormack,Cordell,H,NA,1945-07-18,Insured,BEN79575,2015-07-18,2026-07-18,424,213,,199
POL16114238,Fideler,Borden,S,III,1945-07-19,Beneficiary,BEN89182,2015-07-19,2026-07-19,992,48,,200
POL77864187,Plan,Morris,U,Jr,1945-07-20,Insured,BEN60507,2015-07-20,,793,331,,201
POL71972855,Blastock,Borg,M,NA,1945-07-21,Payor,BEN26141,2015-07-21,,101,363,,202
POL07118321,Aksell,Jennie,L,Sr,1945-07-22,Insured,BEN75448,2015-07-22,,474,261,,203
POL96598179,Wiggans,Dickie,I,III,1945-07-23,Insured,BEN56580,2015-07-23,,501,258,,204
POL60651847,Noor,Milka,U,Sr,1945-07-24,Owner,BEN12834,2015-07-24,,281,272,,205
POL65338807,Gwalter,Brigitta,D,NA,1945-07-25,Insured,BEN31688,2015-07-25,,679,279,,206
POL66992413,Scales,Boyd,R,III,1945-07-26,Insured,BEN24240,2015-07-26,,537,283,,207
POL01442566,Labat,Wilburt,L,II,1945-07-27,Beneficiary,BEN89996,2015-07-27,2026-07-27,291,27,,208
POL03149137,Moye,Davy,Q,NA,1945-07-28,Payor,BEN34941,2015-07-28,2026-07-28,329,448,,209
POL70981358,Klambt,Marilyn,B,NA,1945-07-29,Payor,BEN33935,2015-07-29,2026-07-29,178,296,,210
POL14051785,Oatley,Cindra,X,Sr,1945-07-30,Insured,BEN01281,2015-07-30,,435,179,,211
POL54307062,Leif,Celestyn,A,Jr,1945-07-31,Owner,BEN55760,2015-07-31,,664,53,,212
POL24774087,Leete,Leanna,K,Jr,1945-08-01,Beneficiary,BEN10170,2015-08-01,,988,400,,213
POL47250485,Biswell,Codie,E,III,1945-08-02,Beneficiary,BEN60847,2015-08-02,,253,371,,214
POL96314579,Totman,Bel,Q,II,1945-08-03,Payor,BEN07415,2015-08-03,,19,134,,215
POL63907488,Son,Jobye,S,III,1945-08-04,Insured,BEN72611,2015-08-04,,989,93,,216
POL90593391,Rudwell,Elbertine,F,NA,1945-08-05,Beneficiary,BEN11414,2015-08-05,,521,498,,217
POL43876168,Flay,Sutherlan,I,NA,1945-08-06,Insured,BEN73303,2015-08-06,2026-08-06,574,260,,218
POL41600006,Jiggen,Verna,X,NA,1945-08-07,Payor,BEN70684,2015-08-07,2026-08-07,882,263,,219
POL13365980,Schimaschke,Adelaide,B,NA,1945-08-08,Payor,BEN81588,2015-08-08,2026-08-08,617,210,,220
POL68708521,Hoovart,Eleanor,U,III,1945-08-09,Beneficiary,BEN87617,2015-08-09,,196,116,,221
POL65235955,Jennaway,Maxi,X,NA,1945-08-10,Owner,BEN61951,2015-08-10,,726,393,,222
POL64261210,Woodburne,Rowe,S,II,1945-08-11,Insured,BEN72739,2015-08-11,,113,492,,223
POL39233938,Coghlan,Marcella,Z,Jr,1945-08-12,Insured,BEN19792,2015-08-12,,980,282,,224
POL26131419,Duffyn,Etienne,J,Sr,1945-08-13,Insured,BEN57816,2015-08-13,,537,100,,225
POL75368132,Marcus,Diena,I,II,1945-08-14,Beneficiary,BEN00735,2015-08-14,,249,378,,226
POL69144747,Sentinella,Gilemette,T,III,1945-08-15,Owner,BEN52218,2015-08-15,,873,292,,227
POL54479000,Coxhell,Nealson,B,NA,1945-08-16,Beneficiary,BEN22066,2015-08-16,2026-08-16,683,414,,228
POL13064462,MacLleese,Robbie,S,Sr,1945-08-17,Owner,BEN49042,2015-08-17,2026-08-17,181,262,,229
POL05649315,Brown,Carlye,Z,NA,1945-08-18,Owner,BEN18094,2015-08-18,2026-08-18,929,500,,230
POL74146137,Emlen,Jessey,T,II,1945-08-19,Insured,BEN90856,2015-08-19,,784,221,,231
POL94748872,Bettinson,Marcello,P,Sr,1945-08-20,Payor,BEN57403,2015-08-20,,734,267,,232
POL56606770,Barrs,Joyce,Q,III,1945-08-21,Beneficiary,BEN22333,2015-08-21,,256,283,,233
POL27569592,Braden,Munroe,U,Sr,1945-08-22,Insured,BEN61186,2015-08-22,,146,422,,234
POL58641207,Seed,Jeromy,E,II,1945-08-23,Payor,BEN14204,2015-08-23,,635,20,,235
POL74146335,Beckerleg,Howey,O,Sr,1945-08-24,Beneficiary,BEN48748,2015-08-24,,892,147,,236
POL52933413,Rathborne,Lilias,I,Sr,1945-08-25,Owner,BEN94180,2015-08-25,,611,241,,237
POL95647034,Frarey,Farra,A,III,1945-08-26,Beneficiary,BEN23776,2015-08-26,2026-08-26,723,177,,238
POL86939681,Holdworth,Kally,B,III,1945-08-27,Beneficiary,BEN60166,2015-08-27,2026-08-27,386,251,,239
POL42634324,Brewse,Minnnie,K,Sr,1945-08-28,Payor,BEN82684,2015-08-28,2026-08-28,206,444,,240
POL66538881,Beebe,Guglielma,C,III,1945-08-29,Payor,BEN23552,2015-08-29,,987,71,,241
POL43997407,Turfin,Tobe,K,Sr,1945-08-30,Beneficiary,BEN45448,2015-08-30,,733,375,,242
POL49177953,Terzo,Dan,W,NA,1945-08-31,Beneficiary,BEN92873,2015-08-31,,269,71,,243
POL13969313,Attiwill,Reider,Z,II,1945-09-01,Payor,BEN19328,2015-09-01,,456,335,,244
POL70769746,Leads,Seamus,G,III,1945-09-02,Insured,BEN23183,2015-09-02,,659,24,,245
POL98090309,Lyall,Marice,W,Jr,1945-09-03,Owner,BEN73933,2015-09-03,,620,53,,246
POL77430434,Michie,Issiah,T,Sr,1945-09-04,Owner,BEN79298,2015-09-04,,609,287,,247
POL08846993,Bour,Jedediah,G,II,1945-09-05,Payor,BEN20126,2015-09-05,2026-09-05,926,73,,248
POL37497889,McGenis,Jabez,K,NA,1945-09-06,Payor,BEN44986,2015-09-06,2026-09-06,856,181,,249
POL87748564,Ors,Eugen,F,NA,1945-09-07,Payor,BEN33450,2015-09-07,2026-09-07,450,226,,250
POL84245241,Beauman,Pauletta,U,III,1945-09-08,Insured,BEN37263,2015-09-08,,335,8,,251
POL49844081,Garthshore,Amandi,O,III,1945-09-09,Insured,BEN98446,2015-09-09,,444,275,,252
POL40283952,Swynfen,Jere,X,Sr,1945-09-10,Payor,BEN13702,2015-09-10,,167,433,,253
POL76420521,MacKaig,Josselyn,S,NA,1945-09-11,Payor,BEN35972,2015-09-11,,799,40,,254
POL70655522,Shiel,Renae,D,Jr,1945-09-12,Owner,BEN32680,2015-09-12,,20,63,,255
POL99748085,Sandels,Annabelle,Z,Jr,1945-09-13,Payor,BEN75332,2015-09-13,,623,426,,256
POL41941242,Mion,Ronna,Q,III,1945-09-14,Beneficiary,BEN41481,2015-09-14,,53,395,,257
POL50502691,Dowding,Doralia,P,III,1945-09-15,Insured,BEN45494,2015-09-15,2026-09-15,110,250,,258
POL30491556,Blainey,Yancy,Y,II,1945-09-16,Owner,BEN42739,2015-09-16,2026-09-16,280,10,,259
POL42067797,Jakaway,Dahlia,R,Jr,1945-09-17,Insured,BEN08854,2015-09-17,2026-09-17,602,308,,260
POL34248629,Reignould,Algernon,M,NA,1945-09-18,Beneficiary,BEN03051,2015-09-18,,100,79,,261
POL09870555,Jeskin,Hewett,R,II,1945-09-19,Payor,BEN02141,2015-09-19,,894,358,,262
POL44116200,Duckit,Beltran,O,Jr,1945-09-20,Insured,BEN35856,2015-09-20,,401,500,,263
POL81198104,Simonian,Salomone,Y,II,1945-09-21,Payor,BEN97369,2015-09-21,,346,477,,264
POL83751146,Clowser,Lynsey,A,Sr,1945-09-22,Beneficiary,BEN21862,2015-09-22,,796,440,,265
POL01772490,Cant,Olivero,X,Jr,1945-09-23,Insured,BEN57505,2015-09-23,,48,373,,266
POL10940946,Feria,Benedikt,B,NA,1945-09-24,Beneficiary,BEN00491,2015-09-24,,138,57,,267
POL03041759,Maryott,Pooh,I,II,1945-09-25,Payor,BEN84104,2015-09-25,2026-09-25,939,210,,268
POL62555498,Jandac,Merrielle,S,III,1945-09-26,Payor,BEN23304,2015-09-26,2026-09-26,864,16,,269
POL99620883,Cassella,Saunders,V,III,1945-09-27,Payor,BEN37230,2015-09-27,2026-09-27,239,495,,270
POL97707498,Tomaszynski,Nanice,C,II,1945-09-28,Owner,BEN47835,2015-09-28,,63,497,,271
POL88707092,Ofield,Koral,U,Sr,1945-09-29,Owner,BEN88985,2015-09-29,,776,263,,272
POL84293402,Bernade,Madlin,I,Sr,1945-09-30,Payor,BEN03933,2015-09-30,,500,348,,273
POL14228823,Payley,Alphonso,A,III,1945-10-01,Beneficiary,BEN28480,2015-10-01,,345,324,,274
POL64488584,Kettleson,Bernete,E,Jr,1945-10-02,Payor,BEN36827,2015-10-02,,124,18,,275
POL95197780,Izkovici,Brendis,P,III,1945-10-03,Owner,BEN63258,2015-10-03,,995,50,,276
POL81857284,Snowman,Craig,H,III,1945-10-04,Owner,BEN82518,2015-10-04,,736,34,,277
POL72348763,Willimott,Joelle,U,Jr,1945-10-05,Beneficiary,BEN63064,2015-10-05,2026-10-05,558,248,,278
POL11531002,Badcock,Barbee,V,II,1945-10-06,Insured,BEN16565,2015-10-06,2026-10-06,742,28,,279
POL89589643,Marns,Drusi,U,Jr,1945-10-07,Beneficiary,BEN99291,2015-10-07,2026-10-07,384,175,,280
POL62682616,Braniff,Korie,H,III,1945-10-08,Owner,BEN26006,2015-10-08,,140,485,,281
POL73674823,Sexstone,Alwin,F,Jr,1945-10-09,Payor,BEN55955,2015-10-09,,855,247,,282
POL76000997,Loudyan,Luz,E,II,1945-10-10,Insured,BEN63380,2015-10-10,,77,153,,283
POL43751715,Iredell,Ericha,O,III,1945-10-11,Beneficiary,BEN13250,2015-10-11,,228,128,,284
POL31452469,Gabbatt,Ado,C,Jr,1945-10-12,Insured,BEN38317,2015-10-12,,253,198,,285
POL72202017,Issac,Gwynne,J,II,1945-10-13,Beneficiary,BEN48382,2015-10-13,,684,369,,286
POL50592997,Petrovic,Elianora,J,Jr,1945-10-14,Owner,BEN68027,2015-10-14,,36,359,,287
POL26284184,Sheriff,Andrej,X,Sr,1945-10-15,Beneficiary,BEN28567,2015-10-15,2026-10-15,575,357,,288
POL18290722,Blackleech,Lawton,W,Jr,1945-10-16,Owner,BEN15220,2015-10-16,2026-10-16,784,405,,289
POL97358460,Gossington,Thia,A,Sr,1945-10-17,Owner,BEN51137,2015-10-17,2026-10-17,22,256,,290
POL60416323,Gormley,Deane,G,II,1945-10-18,Payor,BEN99802,2015-10-18,,863,98,,291
POL58901044,Maggill'Andreis,Elwin,E,Sr,1945-10-19,Beneficiary,BEN92914,2015-10-19,,94,329,,292
POL19702395,Rolfe,Cathleen,N,III,1945-10-20,Insured,BEN16060,2015-10-20,,107,273,,293
POL76679840,Lecky,Karine,B,Sr,1945-10-21,Payor,BEN67863,2015-10-21,,782,205,,294
POL97872535,Georg,Jerrie,P,III,1945-10-22,Payor,BEN58585,2015-10-22,,444,383,,295
POL16547864,Cassells,Gannie,Y,Sr,1945-10-23,Insured,BEN79258,2015-10-23,,63,330,,296
POL94230093,O'Doherty,Walker,J,Sr,1945-10-24,Payor,BEN06330,2015-10-24,,725,408,,297
POL16229449,Brise,Ignace,H,II,1945-10-25,Owner,BEN30436,2015-10-25,2026-10-25,583,87,,298
POL14986281,Shrieves,Jennifer,U,Jr,1945-10-26,Beneficiary,BEN29034,2015-10-26,2026-10-26,411,192,,299
POL57924448,Pancoast,Boycey,X,Jr,1945-10-27,Owner,BEN13448,2015-10-27,2026-10-27,623,193,,300
POL42628320,Drewry,Gerrie,K,II,1945-10-28,Owner,BEN46207,2015-10-28,,872,365,,301
POL86560473,Piet,Jocelyne,J,Jr,1945-10-29,Payor,BEN42987,2015-10-29,,621,223,,302
POL43445422,Linkleter,Hendrika,I,Jr,1945-10-30,Owner,BEN78295,2015-10-30,,474,162,,303
POL82258620,Catlette,Malcolm,N,NA,1945-10-31,Payor,BEN58263,2015-10-31,,173,76,,304
POL73152479,McMillan,Dorrie,Y,III,1945-11-01,Beneficiary,BEN75231,2015-11-01,,598,164,,305
POL07091929,Beetlestone,Jennilee,H,NA,1945-11-02,Owner,BEN58527,2015-11-02,,16,256,,306
POL55793244,Hoult,Nona,P,III,1945-11-03,Payor,BEN76310,2015-11-03,,934,404,,307
POL34293429,Tichelaar,Scarface,Z,NA,1945-11-04,Owner,BEN35176,2015-11-04,2026-11-04,223,200,,308
POL21922647,Littrell,Catrina,N,Sr,1945-11-05,Payor,BEN90332,2015-11-05,2026-11-05,352,484,,309
POL47791323,Zorener,Sholom,U,Sr,1945-11-06,Beneficiary,BEN04185,2015-11-06,2026-11-06,479,414,,310
POL33584121,Robarts,Ethe,S,Sr,1945-11-07,Payor,BEN99288,2015-11-07,,454,45,,311
POL07193690,Perrot,Jacqueline,U,II,1945-11-08,Beneficiary,BEN93452,2015-11-08,,643,383,,312
POL44308709,Mozzi,Kiley,G,III,1945-11-09,Payor,BEN24793,2015-11-09,,470,313,,313
POL12537708,Doohey,Guss,G,II,1945-11-10,Insured,BEN75568,2015-11-10,,291,452,,314
POL10067207,Usmar,Broderic,B,Sr,1945-11-11,Beneficiary,BEN69800,2015-11-11,,375,142,,315
POL19193611,Duggen,Northrop,K,II,1945-11-12,Beneficiary,BEN29254,2015-11-12,,707,19,,316
POL20141226,Mathy,Morgan,X,NA,1945-11-13,Owner,BEN65040,2015-11-13,,282,251,,317
POL51120745,Bierton,Skippy,V,III,1945-11-14,Payor,BEN34691,2015-11-14,2026-11-14,29,496,,318
POL59305800,Ellaman,Toma,M,II,1945-11-15,Insured,BEN54944,2015-11-15,2026-11-15,696,312,,319
POL21693939,Szymoni,Georgie,M,II,1945-11-16,Owner,BEN53733,2015-11-16,2026-11-16,582,89,,320
POL79646558,Lettuce,Allina,Y,Jr,1945-11-17,Beneficiary,BEN97258,2015-11-17,,890,231,,321
POL29972519,Kupisz,Eden,C,Sr,1945-11-18,Beneficiary,BEN91811,2015-11-18,,918,120,,322
POL30451929,Clyant,Meara,W,Sr,1945-11-19,Insured,BEN78463,2015-11-19,,495,120,,323
POL40539008,Michael,Alphard,X,NA,1945-11-20,Payor,BEN64647,2015-11-20,,384,67,,324
POL98644148,Sallnow,Nonie,K,NA,1945-11-21,Beneficiary,BEN41995,2015-11-21,,729,138,,325
POL12780944,Levecque,Frederic,X,NA,1945-11-22,Beneficiary,BEN32469,2015-11-22,,748,315,,326
POL02945119,Dominichelli,Lorine,H,NA,1945-11-23,Insured,BEN54450,2015-11-23,,8,103,,327
POL65050507,Maycey,Maurise,Q,NA,1945-11-24,Beneficiary,BEN06302,2015-11-24,2026-11-24,105,498,,328
POL40631047,Shawyer,Genevieve,O,Jr,1945-11-25,Insured,BEN91944,2015-11-25,2026-11-25,389,165,,329
POL92686475,Brewett,Aldo,U,II,1945-11-26,Payor,BEN72280,2015-11-26,2026-11-26,116,366,,330
POL86139534,Thurlbeck,My,U,Jr,1945-11-27,Payor,BEN83082,2015-11-27,,462,233,,331
POL53330195,Clemits,Nicolle,D,Sr,1945-11-28,Insured,BEN35172,2015-11-28,,689,223,,332
POL37112238,Seivwright,Becky,A,Sr,1945-11-29,Owner,BEN48873,2015-11-29,,506,256,,333
POL31464932,Dwane,Lynnet,D,II,1945-11-30,Beneficiary,BEN97892,2015-11-30,,243,338,,334
POL80692178,Brastead,Valli,F,II,1945-12-01,Owner,BEN06108,2015-12-01,,224,467,,335
POL14965927,Shawl,Valentia,O,NA,1945-12-02,Beneficiary,BEN78075,2015-12-02,,324,122,,336
POL22596726,MacColgan,Janina,O,Sr,1945-12-03,Payor,BEN37429,2015-12-03,,507,470,,337
POL11506389,Ortler,Kerby,G,NA,1945-12-04,Insured,BEN32746,2015-12-04,2026-12-04,584,1,,338
POL25496865,Soames,Aarika,D,Jr,1945-12-05,Insured,BEN82953,2015-12-05,2026-12-05,805,349,,339
POL21160887,Leonard,Aguistin,Q,II,1945-12-06,Beneficiary,BEN50133,2015-12-06,2026-12-06,118,326,,340
POL95455790,Filipchikov,Rene,D,Jr,1945-12-07,Payor,BEN99989,2015-12-07,,237,30,,341
POL52823026,Eydel,Shelley,F,NA,1945-12-08,Beneficiary,BEN05914,2015-12-08,,375,442,,342
POL92005430,Garrelts,Donella,X,II,1945-12-09,Payor,BEN06828,2015-12-09,,688,40,,343
POL08191544,Sharpus,Balduin,U,Jr,1945-12-10,Beneficiary,BEN14847,2015-12-10,,17,276,,344
POL10855313,Sproat,Pandora,O,II,1945-12-11,Owner,BEN57435,2015-12-11,,999,176,,345
POL36213351,Scoines,Haily,O,Jr,1945-12-12,Owner,BEN80203,2015-12-12,,367,395,,346
POL35660338,O'Cleary,Lydie,F,II,1945-12-13,Beneficiary,BEN48488,2015-12-13,,634,356,,347
POL79472659,Mapes,Chrotoem,J,Jr,1945-12-14,Beneficiary,BEN46913,2015-12-14,2026-12-14,372,466,,348
POL27964032,Bolmann,Luca,H,II,1945-12-15,Insured,BEN41415,2015-12-15,2026-12-15,80,164,,349
POL33444304,Hulatt,Nelly,C,Jr,1945-12-16,Owner,BEN55586,2015-12-16,2026-12-16,808,180,,350
POL87864741,Beaulieu,Maryanna,C,II,1945-12-17,Payor,BEN07725,2015-12-17,,593,43,,351
POL91940986,McCarrell,Britt,X,II,1945-12-18,Insured,BEN98905,2015-12-18,,550,110,,352
POL59208634,McCumesky,Edsel,E,III,1945-12-19,Payor,BEN19321,2015-12-19,,832,155,,353
POL00984441,Breewood,Brand,V,III,1945-12-20,Insured,BEN94039,2015-12-20,,664,317,,354
POL60649995,O'Boyle,Annalee,X,NA,1945-12-21,Beneficiary,BEN72130,2015-12-21,,209,151,,355
POL87673224,Leet,Cinda,I,Jr,1945-12-22,Beneficiary,BEN20459,2015-12-22,,692,66,,356
POL55076745,Gregolin,Zared,Q,Jr,1945-12-23,Insured,BEN86449,2015-12-23,,897,249,,357
POL94087720,Vowles,Charlotte,C,III,1945-12-24,Payor,BEN95555,2015-12-24,2026-12-24,260,220,,358
POL93470724,Gooding,Derril,S,III,1945-12-25,Owner,BEN41900,2015-12-25,2026-12-25,375,443,,359
POL13261342,Carlsen,Cordell,D,NA,1945-12-26,Insured,BEN80698,2015-12-26,2026-12-26,507,205,,360
POL63501451,Sire,Margot,X,NA,1945-12-27,Insured,BEN47330,2015-12-27,,859,1,,361
POL64278610,McGaughay,Dyna,G,NA,1945-12-28,Payor,BEN04708,2015-12-28,,88,55,,362
POL51693310,Foort,Normie,C,Jr,1945-12-29,Payor,BEN46142,2015-12-29,,272,113,,363
POL00480940,Wailes,Julietta,A,II,1945-12-30,Owner,BEN95688,2015-12-30,,360,40,,364
POL65664821,Boulsher,Mozelle,K,II,1945-12-31,Beneficiary,BEN59109,2015-12-31,,589,494,,365
POL90772991,Janusik,Bernete,X,Sr,1946-01-01,Payor,BEN26628,2016-01-01,,342,306,,366
POL60310223,Adamovicz,Vernon,I,III,1946-01-02,Owner,BEN96255,2016-01-02,,934,108,,367
POL24496290,Alyoshin,Pembroke,B,NA,1946-01-03,Owner,BEN75716,2016-01-03,2027-01-03,650,225,,368
POL03980236,Klewi,Oralle,K,Jr,1946-01-04,Insured,BEN59942,2016-01-04,2027-01-04,758,458,,369
POL70191340,Kitcat,Valli,W,Jr,1946-01-05,Beneficiary,BEN11667,2016-01-05,2027-01-05,185,394,,370
POL93114679,Lackney,Ingmar,P,NA,1946-01-06,Owner,BEN82661,2016-01-06,,107,184,,371
POL47991971,Massinger,Larissa,E,Jr,1946-01-07,Insured,BEN11743,2016-01-07,,250,449,,372
POL78674316,Hassey,Rik,C,Jr,1946-01-08,Owner,BEN60754,2016-01-08,,825,355,,373
POL98147246,Sanford,Kellyann,R,NA,1946-01-09,Insured,BEN08730,2016-01-09,,168,36,,374
POL62816562,Olyonov,Lenka,B,Jr,1946-01-10,Payor,BEN39424,2016-01-10,,66,488,,375
POL73561227,Swales,Alana,Z,III,1946-01-11,Payor,BEN12909,2016-01-11,,227,299,,376
POL14450780,Klass,Faythe,T,Sr,1946-01-12,Payor,BEN80520,2016-01-12,,103,250,,377
POL78435495,Kobierski,Errick,D,NA,1946-01-13,Owner,BEN07064,2016-01-13,2027-01-13,6,1,,378
POL41819678,Skeates,Leicester,Q,NA,1946-01-14,Owner,BEN45895,2016-01-14,2027-01-14,941,22,,379
POL37632545,Allchorne,Nettle,U,III,1946-01-15,Beneficiary,BEN83988,2016-01-15,2027-01-15,952,80,,380
POL09113406,Olfert,Trixi,T,Jr,1946-01-16,Owner,BEN39725,2016-01-16,,717,451,,381
POL10317928,Genney,Rayna,K,Jr,1946-01-17,Beneficiary,BEN44254,2016-01-17,,903,85,,382
POL97032982,Outright,Burton,W,Jr,1946-01-18,Owner,BEN11921,2016-01-18,,952,473,,383
POL50992117,Olivo,Ediva,F,III,1946-01-19,Payor,BEN90901,2016-01-19,,165,367,,384
POL73389952,Schutter,Cecilla,X,Sr,1946-01-20,Payor,BEN22836,2016-01-20,,774,434,,385
POL86062866,O'Gormally,Ruthie,B,NA,1946-01-21,Insured,BEN66994,2016-01-21,,277,244,,386
POL73975962,Tetley,Leupold,T,NA,1946-01-22,Insured,BEN30564,2016-01-22,,754,470,,387
POL07824259,Bruty,Vikky,V,NA,1946-01-23,Owner,BEN62516,2016-01-23,2027-01-23,307,449,,388
POL41219751,Tiler,Sollie,R,III,1946-01-24,Owner,BEN40136,2016-01-24,2027-01-24,711,7,,389
POL01769538,Redsell,Wendel,B,Sr,1946-01-25,Owner,BEN52962,2016-01-25,2027-01-25,339,399,,390
POL29326090,Bramhill,Tasia,A,III,1946-01-26,Beneficiary,BEN41333,2016-01-26,,320,342,,391
POL72905828,Grzegorczyk,Jud,E,III,1946-01-27,Owner,BEN69212,2016-01-27,,655,394,,392
POL12714733,Lawland,Hervey,Y,II,1946-01-28,Beneficiary,BEN70712,2016-01-28,,109,382,,393
POL71931267,Bundy,Elaina,M,Jr,1946-01-29,Insured,BEN15140,2016-01-29,,494,184,,394
POL57012995,Rolles,Elicia,V,II,1946-01-30,Owner,BEN64939,2016-01-30,,363,351,,395
POL38836135,Midlar,Taryn,T,Jr,1946-01-31,Owner,BEN71946,2016-01-31,,93,358,,396
POL62392729,Sampey,Chauncey,Y,Jr,1946-02-01,Insured,BEN39900,2016-02-01,,159,485,,397
POL52342415,Dagger,Conrado,I,NA,1946-02-02,Insured,BEN39583,2016-02-02,2027-02-02,975,128,,398
POL47052851,Kauffman,Katherine,Q,II,1946-02-03,Insured,BEN47971,2016-02-03,2027-02-03,190,416,,399
POL05658833,Uttermare,Dannye,C,Jr,1946-02-04,Insured,BEN29219,2016-02-04,2027-02-04,77,196,,400
POL25633306,Froude,Adara,T,III,1946-02-05,Beneficiary,BEN29049,2016-02-05,,862,247,,401
POL81582472,Simeonov,Catriona,Y,Sr,1946-02-06,Beneficiary,BEN73329,2016-02-06,,772,125,,402
POL93515476,Haffner,Mariska,E,II,1946-02-07,Owner,BEN24508,2016-02-07,,251,35,,403
POL59074398,Matignon,Basilio,R,Jr,1946-02-08,Beneficiary,BEN51583,2016-02-08,,32,167,,404
POL41307635,Lisciardelli,Annadiana,P,NA,1946-02-09,Beneficiary,BEN81982,2016-02-09,,93,76,,405
POL53217275,Doxsey,Mirabelle,X,NA,1946-02-10,Payor,BEN52133,2016-02-10,,695,480,,406
POL67580995,Cruttenden,Julie,A,II,1946-02-11,Owner,BEN65285,2016-02-11,,134,348,,407
POL40356479,Gillyett,Letizia,U,Sr,1946-02-12,Beneficiary,BEN49510,2016-02-12,2027-02-12,686,429,,408
POL39643480,Cohan,Robby,G,Jr,1946-02-13,Insured,BEN90033,2016-02-13,2027-02-13,251,163,,409
POL70778268,Briscam,Sherry,G,NA,1946-02-14,Payor,BEN66253,2016-02-14,2027-02-14,949,438,,410
POL07801794,Moorhead,Sarina,F,III,1946-02-15,Payor,BEN15638,2016-02-15,,333,305,,411
POL90779584,Cropton,Woodman,T,Jr,1946-02-16,Beneficiary,BEN59503,2016-02-16,,730,94,,412
POL99849822,Boshier,Merridie,L,II,1946-02-17,Insured,BEN94591,2016-02-17,,828,482,,413
POL85355542,Leathers,Rodolphe,K,Jr,1946-02-18,Insured,BEN92056,2016-02-18,,31,93,,414
POL91153533,Leifer,Norrie,M,II,1946-02-19,Payor,BEN55730,2016-02-19,,691,165,,415
POL65113396,Ravilious,Robinson,I,II,1946-02-20,Payor,BEN80772,2016-02-20,,974,140,,416
POL76123382,Molines,Ange,K,III,1946-02-21,Owner,BEN28607,2016-02-21,,799,476,,417
POL72073802,Ingamells,Dara,C,III,1946-02-22,Owner,BEN21575,2016-02-22,2027-02-22,196,470,,418
POL23171121,Gerard,Keen,W,NA,1946-02-23,Insured,BEN89601,2016-02-23,2027-02-23,400,184,,419
POL32992473,Reuven,Laureen,U,II,1946-02-24,Beneficiary,BEN75712,2016-02-24,2027-02-24,339,372,,420
POL09284987,Stratton,Josy,Q,II,1946-02-25,Insured,BEN04748,2016-02-25,,606,454,,421
POL58603363,Imlock,Abel,N,Sr,1946-02-26,Owner,BEN02463,2016-02-26,,343,217,,422
POL93582312,Cursons,Thaxter,X,NA,1946-02-27,Beneficiary,BEN54990,2016-02-27,,72,379,,423
POL73681941,Ventam,Katina,X,NA,1946-02-28,Beneficiary,BEN70135,2016-02-28,,214,415,,424
POL26234086,Ferns,Rees,W,II,1946-03-01,Insured,BEN95056,2016-02-29,,424,175,,425
POL22829592,Essberger,Roma,R,III,1946-03-02,Payor,BEN50137,2016-03-01,,770,478,,426
POL90760911,Gouldbourn,Alfreda,N,III,1946-03-03,Owner,BEN49343,2016-03-02,,475,351,,427
POL74077545,Sancroft,Brandise,X,Jr,1946-03-04,Owner,BEN46265,2016-03-03,2027-03-04,164,209,,428
POL14246601,Knight,Marcus,A,III,1946-03-05,Insured,BEN33900,2016-03-04,2027-03-05,639,439,,429
POL26113491,Shorbrook,Cecil,Y,II,1946-03-06,Beneficiary,BEN59456,2016-03-05,2027-03-06,813,491,,430
POL81657622,Bagster,Freeland,L,NA,1946-03-07,Owner,BEN93063,2016-03-06,,270,239,,431
POL95535653,Cockrem,Lorettalorna,A,Jr,1946-03-08,Beneficiary,BEN96083,2016-03-07,,821,423,,432
POL52773417,Trime,Johny,Z,Jr,1946-03-09,Payor,BEN31003,2016-03-08,,382,459,,433
POL46160408,Redier,Tobit,Y,II,1946-03-10,Owner,BEN80356,2016-03-09,,809,429,,434
POL78111880,McQuode,Jerrie,E,II,1946-03-11,Beneficiary,BEN72758,2016-03-10,,71,16,,435
POL69027204,Swynfen,Pyotr,T,NA,1946-03-12,Beneficiary,BEN25489,2016-03-11,,130,230,,436
POL67945208,Rucklesse,Retha,C,II,1946-03-13,Insured,BEN58821,2016-03-12,,980,234,,437
POL12602573,Korejs,Bank,O,Jr,1946-03-14,Beneficiary,BEN65825,2016-03-13,2027-03-14,893,53,,438
POL05983629,Naden,Pauline,E,II,1946-03-15,Payor,BEN79645,2016-03-14,2027-03-15,114,37,,439
POL92128033,Gascone,Jeddy,K,Sr,1946-03-16,Beneficiary,BEN93265,2016-03-15,2027-03-16,541,472,,440
POL84467679,Carncross,Aguste,P,II,1946-03-17,Payor,BEN98077,2016-03-16,,578,274,,441
POL01122364,Beeden,Candis,I,III,1946-03-18,Owner,BEN72620,2016-03-17,,95,186,,442
POL62846986,Sutterfield,Salim,B,II,1946-03-19,Payor,BEN71437,2016-03-18,,13,433,,443
POL14046619,Klas,Florida,L,NA,1946-03-20,Insured,BEN81358,2016-03-19,,423,386,,444
POL40202571,Fairall,Rochell,D,Sr,1946-03-21,Insured,BEN58524,2016-03-20,,664,465,,445
POL86460406,Dast,Kaine,W,II,1946-03-22,Payor,BEN82571,2016-03-21,,318,50,,446
POL54136346,Jones,Fayina,E,II,1946-03-23,Payor,BEN52336,2016-03-22,,631,214,,447
POL72919684,Archdeckne,Garfield,X,II,1946-03-24,Owner,BEN06932,2016-03-23,2027-03-24,264,213,,448
POL61990419,Comben,Rosette,R,NA,1946-03-25,Beneficiary,BEN65871,2016-03-24,2027-03-25,852,326,,449
POL32818880,Elliman,Weylin,O,Jr,1946-03-26,Beneficiary,BEN55071,2016-03-25,2027-03-26,808,308,,450
POL45927616,Titt,Pacorro,H,Sr,1946-03-27,Payor,BEN64352,2016-03-26,,142,191,,451
POL31456475,Friedman,Gratia,Z,NA,1946-03-28,Insured,BEN99391,2016-03-27,,585,166,,452
POL92425094,Mosen,Torey,H,II,1946-03-29,Owner,BEN79453,2016-03-28,,360,207,,453
POL25648207,Brouwer,Eduard,I,II,1946-03-30,Beneficiary,BEN56146,2016-03-29,,979,408,,454
POL41435563,Goulding,Rennie,O,Sr,1946-03-31,Owner,BEN01731,2016-03-30,,598,326,,455
POL38094309,Pallatina,Arturo,Q,II,1946-04-01,Payor,BEN22582,2016-03-31,,180,129,,456
POL85954991,McIlheran,Melisande,M,NA,1946-04-02,Payor,BEN81721,2016-04-01,,651,233,,457
POL45577862,Funcheon,Zonnya,L,NA,1946-04-03,Payor,BEN28952,2016-04-02,2027-04-03,419,275,,458
POL43644945,Bus,Sal,N,NA,1946-04-04,Payor,BEN54901,2016-04-03,2027-04-04,119,409,,459
POL88890949,Southwick,Dunc,W,Sr,1946-04-05,Beneficiary,BEN43006,2016-04-04,2027-04-05,211,225,,460
POL07816094,Gadesby,Jacquetta,B,NA,1946-04-06,Owner,BEN83331,2016-04-05,,302,173,,461
POL96951698,Muston,Jocko,P,NA,1946-04-07,Insured,BEN47776,2016-04-06,,894,462,,462
POL10959946,Hulatt,Son,P,NA,1946-04-08,Owner,BEN06559,2016-04-07,,81,364,,463
POL45878394,Bardwell,Heddi,N,NA,1946-04-09,Owner,BEN75878,2016-04-08,,162,329,,464
POL62054954,Romi,Ketti,Q,III,1946-04-10,Insured,BEN08422,2016-04-09,,678,188,,465
POL41556071,McQuillin,Sybyl,O,II,1946-04-11,Insured,BEN17946,2016-04-10,,880,400,,466
POL10490856,Dickins,Jade,X,Jr,1946-04-12,Beneficiary,BEN66482,2016-04-11,,762,449,,467
POL97661233,Brookhouse,Dianemarie,T,III,1946-04-13,Payor,BEN01674,2016-04-12,2027-04-13,436,334,,468
POL52479814,Howe,Cos,C,Sr,1946-04-14,Beneficiary,BEN27363,2016-04-13,2027-04-14,552,381,,469
POL32995312,Verna,Michal,B,III,1946-04-15,Insured,BEN83773,2016-04-14,2027-04-15,661,444,,470
POL93543211,Teodori,Emmie,P,Jr,1946-04-16,Beneficiary,BEN89921,2016-04-15,,496,429,,471
POL92951967,Duffer,Karoly,I,NA,1946-04-17,Beneficiary,BEN03163,2016-04-16,,112,299,,472
POL85521476,Fonzone,Honey,O,Sr,1946-04-18,Beneficiary,BEN90763,2016-04-17,,566,384,,473
POL10417321,Wiggin,Jeanie,Y,NA,1946-04-19,Owner,BEN66502,2016-04-18,,901,104,,474
POL25624416,Sante,Kennie,U,Sr,1946-04-20,Beneficiary,BEN78737,2016-04-19,,12,205,,475
POL84558168,O'Dempsey,Thomasa,O,NA,1946-04-21,Insured,BEN69420,2016-04-20,,326,85,,476
POL21354281,Hansel,Dare,C,Sr,1946-04-22,Beneficiary,BEN68485,2016-04-21,,83,155,,477
POL56984374,Daleman,Brad,S,NA,1946-04-23,Owner,BEN80999,2016-04-22,2027-04-23,633,293,,478
POL63681630,Matuszyk,Cassy,Y,III,1946-04-24,Beneficiary,BEN08879,2016-04-23,2027-04-24,249,30,,479
POL57289036,Walak,Joanie,M,III,1946-04-25,Payor,BEN92798,2016-04-24,2027-04-25,826,224,,480
POL01715273,Janosevic,Richard,A,Sr,1946-04-26,Insured,BEN21622,2016-04-25,,663,131,,481
POL69536430,Tidmarsh,Bernarr,M,Sr,1946-04-27,Owner,BEN03959,2016-04-26,,559,296,,482
POL98101769,Ginsie,York,F,Sr,1946-04-28,Beneficiary,BEN94718,2016-04-27,,218,422,,483
POL01997606,Whytock,Helge,G,II,1946-04-29,Payor,BEN61916,2016-04-28,,845,345,,484
POL64225755,Whyman,Ingra,N,III,1946-04-30,Owner,BEN35875,2016-04-29,,392,125,,485
POL06473751,Klinck,Leroy,H,Sr,1946-05-01,Insured,BEN05507,2016-04-30,,20,362,,486
POL69182187,Giorgetti,Melina,J,III,1946-05-02,Owner,BEN40641,2016-05-01,,931,362,,487
POL95097514,Richford,Guillermo,F,Sr,1946-05-03,Beneficiary,BEN50469,2016-05-02,2027-05-03,96,390,,488
POL02001583,Howlett,Becky,Y,Sr,1946-05-04,Owner,BEN91924,2016-05-03,2027-05-04,635,218,,489
POL40488252,Sacker,Cammy,M,NA,1946-05-05,Beneficiary,BEN82830,2016-05-04,2027-05-05,804,18,,490
POL07526289,Larmor,Caryn,H,III,1946-05-06,Owner,BEN88620,2016-05-05,,958,302,,491
POL48355291,Geggus,Virge,R,III,1946-05-07,Payor,BEN81789,2016-05-06,,894,393,,492
POL61639060,Hutt,Hillel,Y,III,1946-05-08,Insured,BEN65981,2016-05-07,,590,232,,493
POL97302035,Nellis,Yoshi,I,Sr,1946-05-09,Beneficiary,BEN87751,2016-05-08,,704,176,,494
POL63810878,Dine-Hart,Shamus,O,Sr,1946-05-10,Owner,BEN86400,2016-05-09,,488,438,,495
POL92694491,Aubray,Sharia,Y,II,1946-05-11,Beneficiary,BEN47333,2016-05-10,,230,227,,496
POL79783853,Lamblin,Price,X,NA,1946-05-12,Payor,BEN72073,2016-05-11,,721,167,,497
POL43984173,Passey,Rutledge,M,Jr,1946-05-13,Insured,BEN55219,2016-05-12,2027-05-13,738,306,,498
POL77043524,McGahey,Grantley,Z,NA,1946-05-14,Beneficiary,BEN70067,2016-05-13,2027-05-14,520,405,,499
POL75991184,Scarasbrick,Carolee,M,III,1946-05-15,Insured,BEN31522,2016-05-14,2027-05-15,598,483,,500
