InvoiceNumber,PaidDate,DueDate,RunDate,PremiumSubTotal,PaymentMethod,PaymentDate,RemittanceFreq,BillingAccount_BillingAccountID,InvoiceID
INV54606809,,2022-01-01,2022-01-01,1248.45,Check,,Annual,2,1
INV81498892,2022-01-02,2022-01-02,2022-01-02,72.19,Check,2022-01-02,Quarterly,46,2
INV17459634,2022-01-03,2022-01-03,2022-01-03,349.58,Check,2022-01-03,Quarterly,10,3
INV34401479,2022-01-04,2022-01-04,2022-01-04,2507.52,Card,2022-01-04,Annual,34,4
INV87100240,,2022-01-05,2022-01-05,2965.52,Card,,Monthly,123,5
INV93688035,2022-01-06,2022-01-06,2022-01-06,813.86,Check,2022-01-06,Annual,203,6
INV49922982,2022-01-07,2022-01-07,2022-01-07,559.35,Card,2022-01-07,Quarterly,65,7
INV90828166,2022-01-08,2022-01-08,2022-01-08,1865.71,Card,2022-01-08,Annual,36,8
INV86909016,,2022-01-09,2022-01-09,625.17,Check,,Monthly,134,9
INV23755313,2022-01-10,2022-01-10,2022-01-10,296.43,Card,2022-01-10,Annual,290,10
INV96180124,2022-01-11,2022-01-11,2022-01-11,2554.24,Check,2022-01-11,Annual,132,11
INV02688561,2022-01-12,2022-01-12,2022-01-12,580.12,ACH,2022-01-12,Monthly,243,12
INV94185740,,2022-01-13,2022-01-13,679.61,Check,,Quarterly,133,13
INV61949070,2022-01-14,2022-01-14,2022-01-14,793.26,Card,2022-01-14,Quarterly,135,14
INV31328710,2022-01-15,2022-01-15,2022-01-15,2130.09,Check,2022-01-15,Annual,66,15
INV83866865,2022-01-16,2022-01-16,2022-01-16,660.6,Card,2022-01-16,Annual,126,16
INV72706626,,2022-01-17,2022-01-17,81.82,ACH,,Monthly,263,17
INV24674887,2022-01-18,2022-01-18,2022-01-18,2027.62,Check,2022-01-18,Quarterly,278,18
INV97138770,2022-01-19,2022-01-19,2022-01-19,1643.03,ACH,2022-01-19,Annual,100,19
INV11422089,2022-01-20,2022-01-20,2022-01-20,667.72,Check,2022-01-20,Monthly,290,20
INV97354781,,2022-01-21,2022-01-21,2293.25,Check,,Annual,49,21
INV93884079,2022-01-22,2022-01-22,2022-01-22,2879.83,Card,2022-01-22,Monthly,246,22
INV13851995,2022-01-23,2022-01-23,2022-01-23,2694.64,Check,2022-01-23,Quarterly,280,23
INV85342025,2022-01-24,2022-01-24,2022-01-24,935.99,Card,2022-01-24,Monthly,12,24
INV09411346,,2022-01-25,2022-01-25,1384.09,Check,,Annual,48,25
INV01302581,2022-01-26,2022-01-26,2022-01-26,1810.16,ACH,2022-01-26,Annual,106,26
INV85052444,2022-01-27,2022-01-27,2022-01-27,683.09,Check,2022-01-27,Quarterly,299,27
INV34838610,2022-01-28,2022-01-28,2022-01-28,2120.14,ACH,2022-01-28,Monthly,200,28
INV73113617,,2022-01-29,2022-01-29,1388.96,Card,,Quarterly,134,29
INV99433550,2022-01-30,2022-01-30,2022-01-30,940.24,Check,2022-01-30,Monthly,128,30
INV01445982,2022-01-31,2022-01-31,2022-01-31,702.95,Check,2022-01-31,Quarterly,257,31
INV39569268,2022-02-01,2022-02-01,2022-02-01,2588.03,ACH,2022-02-01,Quarterly,214,32
INV14607104,,2022-02-02,2022-02-02,2556.89,Card,,Annual,44,33
INV37931114,2022-02-03,2022-02-03,2022-02-03,1061.84,ACH,2022-02-03,Monthly,86,34
INV95577711,2022-02-04,2022-02-04,2022-02-04,2434.26,ACH,2022-02-04,Annual,102,35
INV37525151,2022-02-05,2022-02-05,2022-02-05,1470.17,ACH,2022-02-05,Quarterly,300,36
INV47941170,,2022-02-06,2022-02-06,675.95,ACH,,Annual,215,37
INV41031921,2022-02-07,2022-02-07,2022-02-07,2689.38,Card,2022-02-07,Annual,154,38
INV64828735,2022-02-08,2022-02-08,2022-02-08,2554.13,ACH,2022-02-08,Annual,249,39
INV51351829,2022-02-09,2022-02-09,2022-02-09,2794.4,ACH,2022-02-09,Annual,170,40
INV87620818,,2022-02-10,2022-02-10,716.82,ACH,,Annual,151,41
INV51491832,2022-02-11,2022-02-11,2022-02-11,336.18,ACH,2022-02-11,Annual,133,42
INV53888764,2022-02-12,2022-02-12,2022-02-12,2957.18,Check,2022-02-12,Monthly,262,43
INV61164596,2022-02-13,2022-02-13,2022-02-13,1467.42,Card,2022-02-13,Monthly,219,44
INV13527177,,2022-02-14,2022-02-14,2878.5,Check,,Annual,191,45
INV75167934,2022-02-15,2022-02-15,2022-02-15,772.02,ACH,2022-02-15,Quarterly,8,46
INV16286076,2022-02-16,2022-02-16,2022-02-16,1622.6,Card,2022-02-16,Annual,67,47
INV45161780,2022-02-17,2022-02-17,2022-02-17,1365.58,ACH,2022-02-17,Annual,192,48
INV80837720,,2022-02-18,2022-02-18,2594.39,Check,,Quarterly,176,49
INV29848497,2022-02-19,2022-02-19,2022-02-19,118.17,Card,2022-02-19,Monthly,237,50
INV67958474,2022-02-20,2022-02-20,2022-02-20,2972.81,Card,2022-02-20,Monthly,173,51
INV99709730,2022-02-21,2022-02-21,2022-02-21,2732.31,Card,2022-02-21,Annual,245,52
INV72781352,,2022-02-22,2022-02-22,1174.83,ACH,,Annual,174,53
INV93643307,2022-02-23,2022-02-23,2022-02-23,614.02,ACH,2022-02-23,Annual,10,54
INV34625866,2022-02-24,2022-02-24,2022-02-24,904.52,ACH,2022-02-24,Annual,290,55
INV75088355,2022-02-25,2022-02-25,2022-02-25,1973.1,Check,2022-02-25,Quarterly,182,56
INV33759410,,2022-02-26,2022-02-26,2973.01,ACH,,Annual,240,57
INV56310006,2022-02-27,2022-02-27,2022-02-27,1676.82,ACH,2022-02-27,Quarterly,296,58
INV91976420,2022-02-28,2022-02-28,2022-02-28,1463.21,Card,2022-02-28,Quarterly,228,59
INV10929476,2022-03-01,2022-03-01,2022-03-01,1057.4,ACH,2022-03-01,Annual,77,60
INV74998371,,2022-03-02,2022-03-02,1828.05,ACH,,Quarterly,172,61
INV39649269,2022-03-03,2022-03-03,2022-03-03,1346.37,Card,2022-03-03,Annual,8,62
INV29498047,2022-03-04,2022-03-04,2022-03-04,2216.86,Check,2022-03-04,Annual,206,63
INV43444068,2022-03-05,2022-03-05,2022-03-05,1360.51,ACH,2022-03-05,Annual,267,64
INV26151597,,2022-03-06,2022-03-06,1662.93,Card,,Quarterly,213,65
INV70666403,2022-03-07,2022-03-07,2022-03-07,1319.11,ACH,2022-03-07,Annual,91,66
INV55751509,2022-03-08,2022-03-08,2022-03-08,1718.3,Check,2022-03-08,Monthly,40,67
INV31862474,2022-03-09,2022-03-09,2022-03-09,293.38,Check,2022-03-09,Monthly,219,68
INV50063983,,2022-03-10,2022-03-10,960.63,Card,,Quarterly,109,69
INV45947400,2022-03-11,2022-03-11,2022-03-11,1296.13,Check,2022-03-11,Quarterly,129,70
INV97299432,2022-03-12,2022-03-12,2022-03-12,786.74,Check,2022-03-12,Monthly,183,71
INV02838475,2022-03-13,2022-03-13,2022-03-13,429.19,Card,2022-03-13,Annual,189,72
INV26651071,,2022-03-14,2022-03-14,843.71,ACH,,Annual,101,73
INV51714935,2022-03-15,2022-03-15,2022-03-15,540.75,Card,2022-03-15,Quarterly,211,74
INV92971049,2022-03-16,2022-03-16,2022-03-16,1407.77,Check,2022-03-16,Quarterly,224,75
INV29734353,2022-03-17,2022-03-17,2022-03-17,2927.49,Check,2022-03-17,Monthly,91,76
INV69419942,,2022-03-18,2022-03-18,2602.58,ACH,,Monthly,56,77
INV99732901,2022-03-19,2022-03-19,2022-03-19,794.16,ACH,2022-03-19,Annual,256,78
INV60735517,2022-03-20,2022-03-20,2022-03-20,2439.34,Check,2022-03-20,Quarterly,32,79
INV60708961,2022-03-21,2022-03-21,2022-03-21,2230.47,ACH,2022-03-21,Annual,142,80
INV76053470,,2022-03-22,2022-03-22,2273.57,Check,,Annual,36,81
INV83883806,2022-03-23,2022-03-23,2022-03-23,2249.95,Check,2022-03-23,Quarterly,94,82
INV43933717,2022-03-24,2022-03-24,2022-03-24,1953.84,Check,2022-03-24,Monthly,221,83
INV06347473,2022-03-25,2022-03-25,2022-03-25,2229.9,Check,2022-03-25,Monthly,77,84
INV80960874,,2022-03-26,2022-03-26,967.3,Check,,Quarterly,269,85
INV59657876,2022-03-27,2022-03-27,2022-03-27,843.1,ACH,2022-03-27,Annual,194,86
INV67945013,2022-03-28,2022-03-28,2022-03-28,2150.29,Check,2022-03-28,Annual,106,87
INV13506245,2022-03-29,2022-03-29,2022-03-29,1311.31,Card,2022-03-29,Annual,228,88
INV77354691,,2022-03-30,2022-03-30,2281.13,Check,,Annual,199,89
INV47630358,2022-03-31,2022-03-31,2022-03-31,2769.65,Card,2022-03-31,Annual,252,90
INV94954272,2022-04-01,2022-04-01,2022-04-01,291.38,Check,2022-04-01,Quarterly,63,91
INV69892145,2022-04-02,2022-04-02,2022-04-02,2370.15,ACH,2022-04-02,Monthly,208,92
INV57709025,,2022-04-03,2022-04-03,419.14,Check,,Monthly,135,93
INV72617556,2022-04-04,2022-04-04,2022-04-04,2021.0,ACH,2022-04-04,Quarterly,118,94
INV30183044,2022-04-05,2022-04-05,2022-04-05,660.63,Card,2022-04-05,Monthly,158,95
INV95540164,2022-04-06,2022-04-06,2022-04-06,2691.87,Card,2022-04-06,Annual,78,96
INV12208682,,2022-04-07,2022-04-07,1725.77,Check,,Annual,101,97
INV05664203,2022-04-08,2022-04-08,2022-04-08,2099.8,Check,2022-04-08,Annual,169,98
INV94609508,2022-04-09,2022-04-09,2022-04-09,2600.61,Card,2022-04-09,Quarterly,290,99
INV02941793,2022-04-10,2022-04-10,2022-04-10,1957.14,ACH,2022-04-10,Quarterly,56,100
INV52389411,,2022-04-11,2022-04-11,816.63,Check,,Quarterly,32,101
INV36993512,2022-04-12,2022-04-12,2022-04-12,132.45,ACH,2022-04-12,Quarterly,212,102
INV86967674,2022-04-13,2022-04-13,2022-04-13,2866.94,Card,2022-04-13,Monthly,234,103
INV90700990,2022-04-14,2022-04-14,2022-04-14,1032.63,Card,2022-04-14,Quarterly,89,104
INV64408475,,2022-04-15,2022-04-15,2899.46,ACH,,Quarterly,230,105
INV86782445,2022-04-16,2022-04-16,2022-04-16,2375.11,Card,2022-04-16,Monthly,263,106
INV13142712,2022-04-17,2022-04-17,2022-04-17,750.05,Check,2022-04-17,Quarterly,150,107
INV31153088,2022-04-18,2022-04-18,2022-04-18,1286.3,Check,2022-04-18,Annual,277,108
INV64132581,,2022-04-19,2022-04-19,2702.16,Check,,Monthly,27,109
INV76180530,2022-04-20,2022-04-20,2022-04-20,1548.31,Check,2022-04-20,Annual,238,110
INV72695457,2022-04-21,2022-04-21,2022-04-21,113.66,Card,2022-04-21,Quarterly,7,111
INV65123281,2022-04-22,2022-04-22,2022-04-22,2989.64,Card,2022-04-22,Annual,34,112
INV99836254,,2022-04-23,2022-04-23,95.85,ACH,,Quarterly,94,113
INV29079561,2022-04-24,2022-04-24,2022-04-24,1739.23,ACH,2022-04-24,Annual,152,114
INV36190492,2022-04-25,2022-04-25,2022-04-25,183.44,ACH,2022-04-25,Quarterly,203,115
INV34786556,2022-04-26,2022-04-26,2022-04-26,2388.39,Card,2022-04-26,Quarterly,290,116
INV29958229,,2022-04-27,2022-04-27,872.99,ACH,,Annual,42,117
INV23389075,2022-04-28,2022-04-28,2022-04-28,2177.14,Check,2022-04-28,Monthly,279,118
INV06593186,2022-04-29,2022-04-29,2022-04-29,834.17,Check,2022-04-29,Quarterly,299,119
INV62616710,2022-04-30,2022-04-30,2022-04-30,1527.03,ACH,2022-04-30,Monthly,151,120
INV31806293,,2022-05-01,2022-05-01,1254.26,ACH,,Annual,259,121
INV27627340,2022-05-02,2022-05-02,2022-05-02,576.48,Card,2022-05-02,Quarterly,117,122
INV91562446,2022-05-03,2022-05-03,2022-05-03,1616.9,Check,2022-05-03,Quarterly,209,123
INV09625690,2022-05-04,2022-05-04,2022-05-04,1926.38,ACH,2022-05-04,Quarterly,144,124
INV84269100,,2022-05-05,2022-05-05,2871.81,ACH,,Monthly,196,125
INV81646287,2022-05-06,2022-05-06,2022-05-06,1813.97,ACH,2022-05-06,Monthly,289,126
INV91719702,2022-05-07,2022-05-07,2022-05-07,1561.48,ACH,2022-05-07,Monthly,209,127
INV78360002,2022-05-08,2022-05-08,2022-05-08,2777.23,Check,2022-05-08,Annual,289,128
INV46500830,,2022-05-09,2022-05-09,97.18,ACH,,Quarterly,136,129
INV03056771,2022-05-10,2022-05-10,2022-05-10,412.71,Check,2022-05-10,Quarterly,64,130
INV38787639,2022-05-11,2022-05-11,2022-05-11,982.5,Check,2022-05-11,Quarterly,142,131
INV19202783,2022-05-12,2022-05-12,2022-05-12,2070.22,ACH,2022-05-12,Monthly,278,132
INV72269734,,2022-05-13,2022-05-13,592.37,ACH,,Annual,258,133
INV31235228,2022-05-14,2022-05-14,2022-05-14,1313.63,Card,2022-05-14,Quarterly,163,134
INV44705654,2022-05-15,2022-05-15,2022-05-15,1092.01,ACH,2022-05-15,Annual,44,135
INV40513339,2022-05-16,2022-05-16,2022-05-16,1152.8,ACH,2022-05-16,Monthly,261,136
INV80724517,,2022-05-17,2022-05-17,1137.18,ACH,,Annual,212,137
INV52301101,2022-05-18,2022-05-18,2022-05-18,1086.7,ACH,2022-05-18,Annual,213,138
INV23944952,2022-05-19,2022-05-19,2022-05-19,1713.52,Card,2022-05-19,Monthly,179,139
INV01025918,2022-05-20,2022-05-20,2022-05-20,347.89,Check,2022-05-20,Quarterly,23,140
INV17745716,,2022-05-21,2022-05-21,1037.35,Check,,Monthly,128,141
INV82288023,2022-05-22,2022-05-22,2022-05-22,2941.57,Card,2022-05-22,Quarterly,181,142
INV61226348,2022-05-23,2022-05-23,2022-05-23,2441.96,ACH,2022-05-23,Monthly,88,143
INV89828890,2022-05-24,2022-05-24,2022-05-24,2472.45,Check,2022-05-24,Monthly,261,144
INV70897983,,2022-05-25,2022-05-25,2699.92,Check,,Quarterly,47,145
INV23405473,2022-05-26,2022-05-26,2022-05-26,270.94,ACH,2022-05-26,Monthly,101,146
INV61275926,2022-05-27,2022-05-27,2022-05-27,1696.74,Check,2022-05-27,Quarterly,225,147
INV22631273,2022-05-28,2022-05-28,2022-05-28,574.08,Card,2022-05-28,Annual,51,148
INV52420478,,2022-05-29,2022-05-29,193.87,Check,,Quarterly,146,149
INV70481291,2022-05-30,2022-05-30,2022-05-30,2880.45,Check,2022-05-30,Monthly,230,150
INV34276925,2022-05-31,2022-05-31,2022-05-31,2882.03,ACH,2022-05-31,Quarterly,20,151
INV93157229,2022-06-01,2022-06-01,2022-06-01,1333.33,Card,2022-06-01,Quarterly,39,152
INV49447146,,2022-06-02,2022-06-02,2274.48,ACH,,Annual,167,153
INV51046026,2022-06-03,2022-06-03,2022-06-03,2541.43,Check,2022-06-03,Monthly,125,154
INV61838161,2022-06-04,2022-06-04,2022-06-04,2837.99,Check,2022-06-04,Quarterly,173,155
INV46046472,2022-06-05,2022-06-05,2022-06-05,747.93,ACH,2022-06-05,Annual,262,156
INV97221992,,2022-06-06,2022-06-06,1887.24,ACH,,Annual,102,157
INV67293077,2022-06-07,2022-06-07,2022-06-07,762.79,ACH,2022-06-07,Monthly,236,158
INV90337840,2022-06-08,2022-06-08,2022-06-08,1001.64,Check,2022-06-08,Annual,96,159
INV48692959,2022-06-09,2022-06-09,2022-06-09,2718.53,ACH,2022-06-09,Monthly,97,160
INV31346590,,2022-06-10,2022-06-10,2215.06,Card,,Annual,242,161
INV66594527,2022-06-11,2022-06-11,2022-06-11,443.26,Card,2022-06-11,Annual,215,162
INV93886261,2022-06-12,2022-06-12,2022-06-12,266.89,Card,2022-06-12,Quarterly,71,163
INV06274823,2022-06-13,2022-06-13,2022-06-13,586.88,Check,2022-06-13,Quarterly,89,164
INV73928902,,2022-06-14,2022-06-14,923.83,Check,,Monthly,19,165
INV46882187,2022-06-15,2022-06-15,2022-06-15,1921.09,Check,2022-06-15,Monthly,127,166
INV47333541,2022-06-16,2022-06-16,2022-06-16,367.15,Check,2022-06-16,Monthly,231,167
INV51032508,2022-06-17,2022-06-17,2022-06-17,1090.03,Card,2022-06-17,Monthly,89,168
INV98299947,,2022-06-18,2022-06-18,586.33,Check,,Quarterly,30,169
INV71181028,2022-06-19,2022-06-19,2022-06-19,422.92,ACH,2022-06-19,Quarterly,217,170
INV99297633,2022-06-20,2022-06-20,2022-06-20,2253.25,ACH,2022-06-20,Annual,284,171
INV58898288,2022-06-21,2022-06-21,2022-06-21,168.14,Check,2022-06-21,Quarterly,38,172
INV78374050,,2022-06-22,2022-06-22,1162.91,Card,,Quarterly,202,173
INV31164924,2022-06-23,2022-06-23,2022-06-23,2672.3,Check,2022-06-23,Quarterly,276,174
INV38220661,2022-06-24,2022-06-24,2022-06-24,715.4,Check,2022-06-24,Quarterly,245,175
INV07882007,2022-06-25,2022-06-25,2022-06-25,2619.08,Card,2022-06-25,Quarterly,45,176
INV48233821,,2022-06-26,2022-06-26,1937.79,Check,,Annual,123,177
INV05336415,2022-06-27,2022-06-27,2022-06-27,2742.32,ACH,2022-06-27,Annual,7,178
INV24936098,2022-06-28,2022-06-28,2022-06-28,2134.39,ACH,2022-06-28,Monthly,294,179
INV31548432,2022-06-29,2022-06-29,2022-06-29,2851.4,Card,2022-06-29,Annual,32,180
INV93442564,,2022-06-30,2022-06-30,2633.92,Card,,Monthly,246,181
INV76922004,2022-07-01,2022-07-01,2022-07-01,1674.9,Check,2022-07-01,Quarterly,277,182
INV96340076,2022-07-02,2022-07-02,2022-07-02,1241.11,Card,2022-07-02,Quarterly,218,183
INV03229118,2022-07-03,2022-07-03,2022-07-03,1472.1,Card,2022-07-03,Monthly,143,184
INV25075396,,2022-07-04,2022-07-04,2214.14,Card,,Monthly,119,185
INV36946965,2022-07-05,2022-07-05,2022-07-05,2521.82,ACH,2022-07-05,Annual,187,186
INV06567501,2022-07-06,2022-07-06,2022-07-06,77.42,ACH,2022-07-06,Monthly,66,187
INV31118538,2022-07-07,2022-07-07,2022-07-07,2126.8,ACH,2022-07-07,Annual,231,188
INV05316208,,2022-07-08,2022-07-08,850.98,ACH,,Annual,193,189
INV81669377,2022-07-09,2022-07-09,2022-07-09,831.36,ACH,2022-07-09,Monthly,161,190
INV07269178,2022-07-10,2022-07-10,2022-07-10,1104.45,ACH,2022-07-10,Quarterly,213,191
INV01864540,2022-07-11,2022-07-11,2022-07-11,2269.82,Card,2022-07-11,Monthly,3,192
INV14680783,,2022-07-12,2022-07-12,1236.27,ACH,,Annual,125,193
INV55354279,2022-07-13,2022-07-13,2022-07-13,726.36,Check,2022-07-13,Annual,69,194
INV22332485,2022-07-14,2022-07-14,2022-07-14,967.34,Card,2022-07-14,Annual,134,195
INV90758408,2022-07-15,2022-07-15,2022-07-15,981.54,Check,2022-07-15,Quarterly,115,196
INV98697206,,2022-07-16,2022-07-16,301.73,ACH,,Monthly,212,197
INV29517248,2022-07-17,2022-07-17,2022-07-17,2453.53,Check,2022-07-17,Annual,111,198
INV76962805,2022-07-18,2022-07-18,2022-07-18,2865.45,Card,2022-07-18,Quarterly,212,199
INV20712831,2022-07-19,2022-07-19,2022-07-19,736.06,Card,2022-07-19,Annual,14,200
INV99832122,,2022-07-20,2022-07-20,2565.02,Card,,Monthly,49,201
INV62103541,2022-07-21,2022-07-21,2022-07-21,1954.22,Check,2022-07-21,Monthly,7,202
INV10868340,2022-07-22,2022-07-22,2022-07-22,1693.01,ACH,2022-07-22,Annual,228,203
INV91743297,2022-07-23,2022-07-23,2022-07-23,2864.19,ACH,2022-07-23,Monthly,9,204
INV60233120,,2022-07-24,2022-07-24,839.17,Card,,Quarterly,170,205
INV85248893,2022-07-25,2022-07-25,2022-07-25,574.62,Check,2022-07-25,Quarterly,31,206
INV97218270,2022-07-26,2022-07-26,2022-07-26,2984.52,Card,2022-07-26,Annual,260,207
INV44688389,2022-07-27,2022-07-27,2022-07-27,692.83,Check,2022-07-27,Quarterly,61,208
INV20908018,,2022-07-28,2022-07-28,679.83,ACH,,Monthly,209,209
INV45000907,2022-07-29,2022-07-29,2022-07-29,1994.2,Check,2022-07-29,Quarterly,213,210
INV93800302,2022-07-30,2022-07-30,2022-07-30,2003.67,Check,2022-07-30,Annual,117,211
INV57552031,2022-07-31,2022-07-31,2022-07-31,683.04,Card,2022-07-31,Annual,138,212
INV17940760,,2022-08-01,2022-08-01,2483.88,Check,,Annual,198,213
INV66108647,2022-08-02,2022-08-02,2022-08-02,2624.9,ACH,2022-08-02,Monthly,180,214
INV82463304,2022-08-03,2022-08-03,2022-08-03,1491.34,ACH,2022-08-03,Quarterly,131,215
INV21307520,2022-08-04,2022-08-04,2022-08-04,2092.82,ACH,2022-08-04,Quarterly,262,216
INV33071145,,2022-08-05,2022-08-05,2250.37,Card,,Monthly,300,217
INV16469524,2022-08-06,2022-08-06,2022-08-06,1644.22,Check,2022-08-06,Monthly,124,218
INV70197001,2022-08-07,2022-08-07,2022-08-07,1959.76,Check,2022-08-07,Quarterly,297,219
INV53408134,2022-08-08,2022-08-08,2022-08-08,681.17,Card,2022-08-08,Monthly,47,220
INV22490000,,2022-08-09,2022-08-09,2719.99,Check,,Quarterly,45,221
INV92042375,2022-08-10,2022-08-10,2022-08-10,2792.89,ACH,2022-08-10,Monthly,134,222
INV32845282,2022-08-11,2022-08-11,2022-08-11,747.8,Check,2022-08-11,Monthly,192,223
INV96893173,2022-08-12,2022-08-12,2022-08-12,2995.48,ACH,2022-08-12,Monthly,158,224
INV85974814,,2022-08-13,2022-08-13,2186.76,ACH,,Annual,29,225
INV33468773,2022-08-14,2022-08-14,2022-08-14,669.35,ACH,2022-08-14,Annual,209,226
INV78152006,2022-08-15,2022-08-15,2022-08-15,2681.04,Check,2022-08-15,Quarterly,282,227
INV53442739,2022-08-16,2022-08-16,2022-08-16,2654.18,Check,2022-08-16,Quarterly,250,228
INV68119512,,2022-08-17,2022-08-17,457.12,Check,,Monthly,248,229
INV31589689,2022-08-18,2022-08-18,2022-08-18,2996.07,Check,2022-08-18,Monthly,38,230
INV85864307,2022-08-19,2022-08-19,2022-08-19,1585.14,ACH,2022-08-19,Annual,7,231
INV79018948,2022-08-20,2022-08-20,2022-08-20,243.43,ACH,2022-08-20,Quarterly,190,232
INV89931608,,2022-08-21,2022-08-21,1127.44,Card,,Quarterly,216,233
INV54188981,2022-08-22,2022-08-22,2022-08-22,310.73,ACH,2022-08-22,Quarterly,148,234
INV09658329,2022-08-23,2022-08-23,2022-08-23,2421.25,ACH,2022-08-23,Annual,196,235
INV72872481,2022-08-24,2022-08-24,2022-08-24,2521.74,ACH,2022-08-24,Monthly,236,236
INV17290379,,2022-08-25,2022-08-25,1998.37,ACH,,Quarterly,47,237
INV54724248,2022-08-26,2022-08-26,2022-08-26,764.99,Check,2022-08-26,Monthly,199,238
INV52971238,2022-08-27,2022-08-27,2022-08-27,1164.54,Check,2022-08-27,Annual,47,239
INV44012180,2022-08-28,2022-08-28,2022-08-28,2220.22,Card,2022-08-28,Quarterly,265,240
INV71544337,,2022-08-29,2022-08-29,673.36,ACH,,Annual,158,241
INV66061252,2022-08-30,2022-08-30,2022-08-30,2915.61,Check,2022-08-30,Monthly,266,242
INV68038457,2022-08-31,2022-08-31,2022-08-31,968.62,Card,2022-08-31,Annual,75,243
INV05250187,2022-09-01,2022-09-01,2022-09-01,2679.71,ACH,2022-09-01,Quarterly,59,244
INV31033829,,2022-09-02,2022-09-02,1995.65,Check,,Monthly,52,245
INV46000389,2022-09-03,2022-09-03,2022-09-03,2527.93,ACH,2022-09-03,Quarterly,259,246
INV31262393,2022-09-04,2022-09-04,2022-09-04,453.39,ACH,2022-09-04,Quarterly,141,247
INV07331931,2022-09-05,2022-09-05,2022-09-05,1209.92,ACH,2022-09-05,Quarterly,273,248
INV92097831,,2022-09-06,2022-09-06,1941.87,ACH,,Quarterly,189,249
INV92368591,2022-09-07,2022-09-07,2022-09-07,907.23,ACH,2022-09-07,Monthly,290,250
INV34861050,2022-09-08,2022-09-08,2022-09-08,876.14,Check,2022-09-08,Monthly,198,251
INV31659183,2022-09-09,2022-09-09,2022-09-09,1433.61,Check,2022-09-09,Quarterly,229,252
INV88923754,,2022-09-10,2022-09-10,62.54,ACH,,Monthly,147,253
INV80016592,2022-09-11,2022-09-11,2022-09-11,1661.08,Check,2022-09-11,Monthly,87,254
INV70674045,2022-09-12,2022-09-12,2022-09-12,1183.91,ACH,2022-09-12,Quarterly,288,255
INV77283629,2022-09-13,2022-09-13,2022-09-13,783.42,Card,2022-09-13,Monthly,84,256
INV50528282,,2022-09-14,2022-09-14,2644.2,Check,,Annual,223,257
INV28064083,2022-09-15,2022-09-15,2022-09-15,1014.29,Card,2022-09-15,Monthly,271,258
INV73676363,2022-09-16,2022-09-16,2022-09-16,389.43,ACH,2022-09-16,Monthly,164,259
INV14466335,2022-09-17,2022-09-17,2022-09-17,1582.45,Card,2022-09-17,Annual,197,260
INV90893357,,2022-09-18,2022-09-18,1108.39,Check,,Annual,249,261
INV77196172,2022-09-19,2022-09-19,2022-09-19,2320.95,Card,2022-09-19,Quarterly,20,262
INV90982051,2022-09-20,2022-09-20,2022-09-20,1928.91,Card,2022-09-20,Quarterly,105,263
INV51096879,2022-09-21,2022-09-21,2022-09-21,865.52,Check,2022-09-21,Quarterly,77,264
INV50056646,,2022-09-22,2022-09-22,2309.19,Check,,Monthly,101,265
INV07902726,2022-09-23,2022-09-23,2022-09-23,1754.51,Card,2022-09-23,Annual,148,266
INV96954476,2022-09-24,2022-09-24,2022-09-24,2384.48,Card,2022-09-24,Quarterly,83,267
INV37527648,2022-09-25,2022-09-25,2022-09-25,1755.92,ACH,2022-09-25,Quarterly,136,268
INV74293297,,2022-09-26,2022-09-26,2873.5,Check,,Annual,249,269
INV35031797,2022-09-27,2022-09-27,2022-09-27,1387.09,ACH,2022-09-27,Annual,129,270
INV20956546,2022-09-28,2022-09-28,2022-09-28,2248.91,Check,2022-09-28,Quarterly,269,271
INV14415853,2022-09-29,2022-09-29,2022-09-29,2666.0,Check,2022-09-29,Annual,46,272
INV91633651,,2022-09-30,2022-09-30,943.59,ACH,,Annual,36,273
INV87034665,2022-10-01,2022-10-01,2022-10-01,832.94,ACH,2022-10-01,Annual,197,274
INV19617857,2022-10-02,2022-10-02,2022-10-02,118.98,Card,2022-10-02,Quarterly,189,275
INV90049237,2022-10-03,2022-10-03,2022-10-03,1424.31,ACH,2022-10-03,Monthly,146,276
INV58616056,,2022-10-04,2022-10-04,391.98,ACH,,Quarterly,174,277
INV97493563,2022-10-05,2022-10-05,2022-10-05,208.44,Check,2022-10-05,Monthly,6,278
INV52480413,2022-10-06,2022-10-06,2022-10-06,2037.78,Card,2022-10-06,Monthly,118,279
INV40315690,2022-10-07,2022-10-07,2022-10-07,1522.51,ACH,2022-10-07,Monthly,274,280
INV53856714,,2022-10-08,2022-10-08,2409.33,ACH,,Quarterly,287,281
INV91577465,2022-10-09,2022-10-09,2022-10-09,2652.63,ACH,2022-10-09,Annual,274,282
INV15912246,2022-10-10,2022-10-10,2022-10-10,309.23,Card,2022-10-10,Quarterly,68,283
INV64061013,2022-10-11,2022-10-11,2022-10-11,2268.14,ACH,2022-10-11,Quarterly,158,284
INV20113645,,2022-10-12,2022-10-12,220.74,ACH,,Annual,127,285
INV02667853,2022-10-13,2022-10-13,2022-10-13,1293.61,Check,2022-10-13,Quarterly,225,286
INV83373360,2022-10-14,2022-10-14,2022-10-14,1246.57,Card,2022-10-14,Quarterly,149,287
INV29580258,2022-10-15,2022-10-15,2022-10-15,1282.18,ACH,2022-10-15,Quarterly,99,288
INV00135103,,2022-10-16,2022-10-16,170.14,Card,,Annual,297,289
INV05027331,2022-10-17,2022-10-17,2022-10-17,1445.53,Check,2022-10-17,Quarterly,44,290
INV19438013,2022-10-18,2022-10-18,2022-10-18,2302.55,Check,2022-10-18,Monthly,145,291
INV94239114,2022-10-19,2022-10-19,2022-10-19,2201.72,ACH,2022-10-19,Annual,8,292
INV74808757,,2022-10-20,2022-10-20,181.25,ACH,,Monthly,213,293
INV92605941,2022-10-21,2022-10-21,2022-10-21,2664.14,ACH,2022-10-21,Annual,185,294
INV05487282,2022-10-22,2022-10-22,2022-10-22,1209.68,Check,2022-10-22,Monthly,82,295
INV01946787,2022-10-23,2022-10-23,2022-10-23,2753.31,Card,2022-10-23,Quarterly,39,296
INV10959719,,2022-10-24,2022-10-24,617.2,Check,,Monthly,12,297
INV54426738,2022-10-25,2022-10-25,2022-10-25,2870.39,ACH,2022-10-25,Monthly,58,298
INV60946868,2022-10-26,2022-10-26,2022-10-26,1385.73,ACH,2022-10-26,Monthly,40,299
INV17506561,2022-10-27,2022-10-27,2022-10-27,524.52,ACH,2022-10-27,Annual,265,300
INV56851198,,2022-10-28,2022-10-28,2170.2,ACH,,Monthly,114,301
INV80458717,2022-10-29,2022-10-29,2022-10-29,890.77,Card,2022-10-29,Monthly,70,302
INV50567089,2022-10-30,2022-10-30,2022-10-30,171.92,Check,2022-10-30,Quarterly,10,303
INV38112400,2022-10-31,2022-10-31,2022-10-31,158.95,ACH,2022-10-31,Annual,275,304
INV00986767,,2022-11-01,2022-11-01,1290.67,ACH,,Monthly,213,305
INV39012418,2022-11-02,2022-11-02,2022-11-02,1364.86,ACH,2022-11-02,Monthly,15,306
INV07907686,2022-11-03,2022-11-03,2022-11-03,2833.74,Card,2022-11-03,Monthly,174,307
INV43300345,2022-11-04,2022-11-04,2022-11-04,707.09,Card,2022-11-04,Monthly,41,308
INV46442740,,2022-11-05,2022-11-05,2857.57,Check,,Monthly,198,309
INV39855278,2022-11-06,2022-11-06,2022-11-06,2685.58,ACH,2022-11-06,Monthly,166,310
INV16950560,2022-11-07,2022-11-07,2022-11-07,2115.06,ACH,2022-11-07,Quarterly,248,311
INV08802060,2022-11-08,2022-11-08,2022-11-08,310.11,Check,2022-11-08,Annual,110,312
INV52765147,,2022-11-09,2022-11-09,1000.95,Check,,Quarterly,163,313
INV54198026,2022-11-10,2022-11-10,2022-11-10,721.6,Check,2022-11-10,Monthly,275,314
INV36153954,2022-11-11,2022-11-11,2022-11-11,1296.63,Check,2022-11-11,Annual,249,315
INV20180649,2022-11-12,2022-11-12,2022-11-12,1955.37,Check,2022-11-12,Monthly,226,316
INV26302531,,2022-11-13,2022-11-13,2345.73,Card,,Annual,88,317
INV00767665,2022-11-14,2022-11-14,2022-11-14,1368.37,ACH,2022-11-14,Quarterly,287,318
INV74218980,2022-11-15,2022-11-15,2022-11-15,511.21,Card,2022-11-15,Quarterly,291,319
INV38658646,2022-11-16,2022-11-16,2022-11-16,1668.25,ACH,2022-11-16,Quarterly,250,320
INV73708198,,2022-11-17,2022-11-17,244.6,Card,,Quarterly,258,321
INV22960135,2022-11-18,2022-11-18,2022-11-18,2510.1,Check,2022-11-18,Monthly,27,322
INV13756375,2022-11-19,2022-11-19,2022-11-19,1782.1,ACH,2022-11-19,Annual,98,323
INV66431841,2022-11-20,2022-11-20,2022-11-20,795.29,Card,2022-11-20,Monthly,252,324
INV76859748,,2022-11-21,2022-11-21,2580.03,Card,,Annual,211,325
INV72633707,2022-11-22,2022-11-22,2022-11-22,2249.79,Check,2022-11-22,Annual,116,326
INV70098173,2022-11-23,2022-11-23,2022-11-23,1448.61,ACH,2022-11-23,Quarterly,244,327
INV69525901,2022-11-24,2022-11-24,2022-11-24,2323.02,Check,2022-11-24,Monthly,31,328
INV21433211,,2022-11-25,2022-11-25,674.11,Card,,Quarterly,111,329
INV47146222,2022-11-26,2022-11-26,2022-11-26,1966.55,Check,2022-11-26,Quarterly,58,330
INV16929510,2022-11-27,2022-11-27,2022-11-27,1726.23,Card,2022-11-27,Quarterly,107,331
INV90290156,2022-11-28,2022-11-28,2022-11-28,1850.36,ACH,2022-11-28,Annual,22,332
INV83188298,,2022-11-29,2022-11-29,1395.55,Card,,Annual,217,333
INV99472574,2022-11-30,2022-11-30,2022-11-30,717.37,Card,2022-11-30,Quarterly,277,334
INV28713260,2022-12-01,2022-12-01,2022-12-01,145.58,Check,2022-12-01,Annual,165,335
INV80319363,2022-12-02,2022-12-02,2022-12-02,2004.67,Check,2022-12-02,Monthly,164,336
INV05255368,,2022-12-03,2022-12-03,976.72,Check,,Quarterly,212,337
INV13900806,2022-12-04,2022-12-04,2022-12-04,185.83,Card,2022-12-04,Quarterly,85,338
INV48017606,2022-12-05,2022-12-05,2022-12-05,2441.73,Card,2022-12-05,Monthly,193,339
INV29858437,2022-12-06,2022-12-06,2022-12-06,1911.89,Card,2022-12-06,Quarterly,210,340
INV70942612,,2022-12-07,2022-12-07,2005.83,ACH,,Monthly,294,341
INV27435646,2022-12-08,2022-12-08,2022-12-08,61.41,ACH,2022-12-08,Quarterly,257,342
INV07009773,2022-12-09,2022-12-09,2022-12-09,2712.97,Check,2022-12-09,Monthly,47,343
INV17059084,2022-12-10,2022-12-10,2022-12-10,661.75,ACH,2022-12-10,Annual,190,344
INV38709218,,2022-12-11,2022-12-11,2988.7,ACH,,Annual,266,345
INV77201682,2022-12-12,2022-12-12,2022-12-12,1145.44,ACH,2022-12-12,Annual,70,346
INV91213311,2022-12-13,2022-12-13,2022-12-13,1952.11,Card,2022-12-13,Annual,209,347
INV54747390,2022-12-14,2022-12-14,2022-12-14,2758.41,Card,2022-12-14,Annual,134,348
INV54493810,,2022-12-15,2022-12-15,821.18,ACH,,Annual,262,349
INV06447186,2022-12-16,2022-12-16,2022-12-16,2284.5,Card,2022-12-16,Quarterly,234,350
INV32656755,2022-12-17,2022-12-17,2022-12-17,566.22,Check,2022-12-17,Quarterly,96,351
INV22714657,2022-12-18,2022-12-18,2022-12-18,1059.03,Card,2022-12-18,Monthly,171,352
INV12504861,,2022-12-19,2022-12-19,2430.73,Check,,Annual,20,353
INV27490200,2022-12-20,2022-12-20,2022-12-20,985.7,ACH,2022-12-20,Quarterly,47,354
INV51814982,2022-12-21,2022-12-21,2022-12-21,1887.68,ACH,2022-12-21,Annual,219,355
INV65978698,2022-12-22,2022-12-22,2022-12-22,1233.64,ACH,2022-12-22,Quarterly,77,356
INV57538731,,2022-12-23,2022-12-23,2083.36,ACH,,Monthly,191,357
INV99557406,2022-12-24,2022-12-24,2022-12-24,2577.33,Card,2022-12-24,Monthly,254,358
INV37337012,2022-12-25,2022-12-25,2022-12-25,2899.29,Check,2022-12-25,Annual,7,359
INV65116307,2022-12-26,2022-12-26,2022-12-26,152.01,ACH,2022-12-26,Quarterly,108,360
INV36230719,,2022-12-27,2022-12-27,144.44,ACH,,Monthly,138,361
INV88769247,2022-12-28,2022-12-28,2022-12-28,897.33,ACH,2022-12-28,Annual,16,362
INV56804955,2022-12-29,2022-12-29,2022-12-29,1892.14,ACH,2022-12-29,Quarterly,134,363
INV65321904,2022-12-30,2022-12-30,2022-12-30,268.95,ACH,2022-12-30,Quarterly,232,364
INV32656295,,2022-12-31,2022-12-31,144.48,Check,,Annual,179,365
INV13995435,2023-01-01,2023-01-01,2023-01-01,1047.1,Check,2023-01-01,Annual,156,366
INV49187602,2023-01-02,2023-01-02,2023-01-02,2656.58,Check,2023-01-02,Annual,296,367
INV08482158,2023-01-03,2023-01-03,2023-01-03,1650.78,Card,2023-01-03,Annual,220,368
INV92030027,,2023-01-04,2023-01-04,1687.42,Card,,Monthly,197,369
INV88524065,2023-01-05,2023-01-05,2023-01-05,519.47,Check,2023-01-05,Monthly,234,370
INV52456205,2023-01-06,2023-01-06,2023-01-06,2845.33,ACH,2023-01-06,Annual,280,371
INV29920533,2023-01-07,2023-01-07,2023-01-07,718.02,Check,2023-01-07,Monthly,121,372
INV24667343,,2023-01-08,2023-01-08,1063.82,ACH,,Monthly,174,373
INV57989819,2023-01-09,2023-01-09,2023-01-09,1294.45,ACH,2023-01-09,Annual,168,374
INV85367617,2023-01-10,2023-01-10,2023-01-10,472.96,Card,2023-01-10,Annual,5,375
INV18834459,2023-01-11,2023-01-11,2023-01-11,2726.6,Check,2023-01-11,Monthly,17,376
INV86840465,,2023-01-12,2023-01-12,2410.87,Card,,Quarterly,156,377
INV23090633,2023-01-13,2023-01-13,2023-01-13,175.1,Check,2023-01-13,Monthly,26,378
INV56959655,2023-01-14,2023-01-14,2023-01-14,363.26,Card,2023-01-14,Annual,289,379
INV16718715,2023-01-15,2023-01-15,2023-01-15,2932.98,ACH,2023-01-15,Annual,181,380
INV73237684,,2023-01-16,2023-01-16,1976.92,ACH,,Quarterly,196,381
INV47963352,2023-01-17,2023-01-17,2023-01-17,1323.93,Check,2023-01-17,Quarterly,213,382
INV78261819,2023-01-18,2023-01-18,2023-01-18,343.42,Check,2023-01-18,Annual,41,383
INV22426091,2023-01-19,2023-01-19,2023-01-19,541.62,Card,2023-01-19,Monthly,49,384
INV48342814,,2023-01-20,2023-01-20,767.61,Card,,Quarterly,144,385
INV97637065,2023-01-21,2023-01-21,2023-01-21,501.48,ACH,2023-01-21,Annual,237,386
INV30776190,2023-01-22,2023-01-22,2023-01-22,1253.53,ACH,2023-01-22,Monthly,284,387
INV84863227,2023-01-23,2023-01-23,2023-01-23,71.14,Card,2023-01-23,Annual,25,388
INV84140560,,2023-01-24,2023-01-24,960.33,Card,,Monthly,243,389
INV60705044,2023-01-25,2023-01-25,2023-01-25,236.77,Card,2023-01-25,Annual,76,390
INV73502970,2023-01-26,2023-01-26,2023-01-26,1137.39,Card,2023-01-26,Quarterly,190,391
INV12047270,2023-01-27,2023-01-27,2023-01-27,1797.25,Check,2023-01-27,Monthly,1,392
INV82429426,,2023-01-28,2023-01-28,641.02,ACH,,Quarterly,157,393
INV36848675,2023-01-29,2023-01-29,2023-01-29,928.11,Card,2023-01-29,Annual,278,394
INV52998895,2023-01-30,2023-01-30,2023-01-30,289.91,Card,2023-01-30,Annual,218,395
INV72235596,2023-01-31,2023-01-31,2023-01-31,1354.37,Check,2023-01-31,Monthly,153,396
INV38641641,,2023-02-01,2023-02-01,1365.97,Check,,Annual,3,397
INV59358305,2023-02-02,2023-02-02,2023-02-02,843.84,Check,2023-02-02,Monthly,154,398
INV11100608,2023-02-03,2023-02-03,2023-02-03,150.14,Card,2023-02-03,Quarterly,111,399
INV59582869,2023-02-04,2023-02-04,2023-02-04,1319.05,Card,2023-02-04,Annual,177,400
INV23056135,,2023-02-05,2023-02-05,150.46,ACH,,Monthly,64,401
INV29099075,2023-02-06,2023-02-06,2023-02-06,556.09,ACH,2023-02-06,Annual,288,402
INV70655788,2023-02-07,2023-02-07,2023-02-07,1507.7,ACH,2023-02-07,Monthly,73,403
INV46717730,2023-02-08,2023-02-08,2023-02-08,2935.56,Check,2023-02-08,Monthly,167,404
INV54201136,,2023-02-09,2023-02-09,2656.01,ACH,,Monthly,200,405
INV89413185,2023-02-10,2023-02-10,2023-02-10,1328.08,ACH,2023-02-10,Annual,128,406
INV94328486,2023-02-11,2023-02-11,2023-02-11,2292.3,Check,2023-02-11,Annual,255,407
INV45571180,2023-02-12,2023-02-12,2023-02-12,1556.11,Card,2023-02-12,Quarterly,156,408
INV56634930,,2023-02-13,2023-02-13,2733.49,Card,,Monthly,219,409
INV27537538,2023-02-14,2023-02-14,2023-02-14,1976.06,Check,2023-02-14,Annual,180,410
INV46071851,2023-02-15,2023-02-15,2023-02-15,545.44,Check,2023-02-15,Annual,250,411
INV33311673,2023-02-16,2023-02-16,2023-02-16,1890.95,Card,2023-02-16,Monthly,38,412
INV82655826,,2023-02-17,2023-02-17,761.54,Card,,Annual,77,413
INV23719307,2023-02-18,2023-02-18,2023-02-18,1431.69,ACH,2023-02-18,Annual,88,414
INV28220707,2023-02-19,2023-02-19,2023-02-19,686.13,Check,2023-02-19,Quarterly,295,415
INV54335953,2023-02-20,2023-02-20,2023-02-20,2279.94,Card,2023-02-20,Annual,190,416
INV45973944,,2023-02-21,2023-02-21,2689.85,ACH,,Monthly,76,417
INV05557551,2023-02-22,2023-02-22,2023-02-22,1105.32,ACH,2023-02-22,Monthly,36,418
INV38911806,2023-02-23,2023-02-23,2023-02-23,1374.13,Card,2023-02-23,Monthly,44,419
INV67490897,2023-02-24,2023-02-24,2023-02-24,2459.93,Check,2023-02-24,Monthly,21,420
INV55807088,,2023-02-25,2023-02-25,1288.18,ACH,,Annual,5,421
INV04372622,2023-02-26,2023-02-26,2023-02-26,909.95,Card,2023-02-26,Quarterly,183,422
INV83240130,2023-02-27,2023-02-27,2023-02-27,405.08,ACH,2023-02-27,Quarterly,115,423
INV30764343,2023-02-28,2023-02-28,2023-02-28,2629.65,ACH,2023-02-28,Quarterly,126,424
INV02876409,,2023-03-01,2023-03-01,1445.67,ACH,,Annual,64,425
INV78967021,2023-03-02,2023-03-02,2023-03-02,1766.37,Check,2023-03-02,Quarterly,146,426
INV73658904,2023-03-03,2023-03-03,2023-03-03,2039.03,Check,2023-03-03,Annual,287,427
INV48256744,2023-03-04,2023-03-04,2023-03-04,410.21,Card,2023-03-04,Quarterly,244,428
INV12506976,,2023-03-05,2023-03-05,308.68,ACH,,Monthly,209,429
INV54756719,2023-03-06,2023-03-06,2023-03-06,1500.71,Check,2023-03-06,Quarterly,78,430
INV25283587,2023-03-07,2023-03-07,2023-03-07,1836.27,Card,2023-03-07,Monthly,207,431
INV14947148,2023-03-08,2023-03-08,2023-03-08,1657.26,Card,2023-03-08,Monthly,31,432
INV52869005,,2023-03-09,2023-03-09,2384.16,Card,,Monthly,199,433
INV82177116,2023-03-10,2023-03-10,2023-03-10,1932.2,ACH,2023-03-10,Monthly,101,434
INV19521476,2023-03-11,2023-03-11,2023-03-11,2147.93,Check,2023-03-11,Monthly,262,435
INV29475974,2023-03-12,2023-03-12,2023-03-12,1001.53,Card,2023-03-12,Monthly,27,436
INV58859550,,2023-03-13,2023-03-13,170.93,Check,,Monthly,226,437
INV81973197,2023-03-14,2023-03-14,2023-03-14,2241.55,Card,2023-03-14,Annual,227,438
INV30542919,2023-03-15,2023-03-15,2023-03-15,1175.6,ACH,2023-03-15,Quarterly,122,439
INV51512756,2023-03-16,2023-03-16,2023-03-16,1885.62,Card,2023-03-16,Monthly,177,440
INV11109358,,2023-03-17,2023-03-17,1424.29,Card,,Annual,100,441
INV69487346,2023-03-18,2023-03-18,2023-03-18,938.08,Card,2023-03-18,Annual,96,442
INV24543019,2023-03-19,2023-03-19,2023-03-19,1413.91,Card,2023-03-19,Annual,27,443
INV73689024,2023-03-20,2023-03-20,2023-03-20,1153.31,Check,2023-03-20,Annual,57,444
INV36738526,,2023-03-21,2023-03-21,2226.72,ACH,,Quarterly,207,445
INV96575588,2023-03-22,2023-03-22,2023-03-22,1484.81,Card,2023-03-22,Annual,115,446
INV72180698,2023-03-23,2023-03-23,2023-03-23,1000.98,ACH,2023-03-23,Quarterly,27,447
INV16880698,2023-03-24,2023-03-24,2023-03-24,1794.27,ACH,2023-03-24,Quarterly,55,448
INV24444112,,2023-03-25,2023-03-25,2347.27,Card,,Quarterly,258,449
INV38764315,2023-03-26,2023-03-26,2023-03-26,1368.51,Check,2023-03-26,Monthly,293,450
INV71649885,2023-03-27,2023-03-27,2023-03-27,900.42,Card,2023-03-27,Annual,251,451
INV45946297,2023-03-28,2023-03-28,2023-03-28,958.25,Card,2023-03-28,Quarterly,282,452
INV72116884,,2023-03-29,2023-03-29,2257.31,ACH,,Annual,129,453
INV13422697,2023-03-30,2023-03-30,2023-03-30,597.71,ACH,2023-03-30,Monthly,98,454
INV96139657,2023-03-31,2023-03-31,2023-03-31,2049.07,ACH,2023-03-31,Quarterly,155,455
INV39241480,2023-04-01,2023-04-01,2023-04-01,2325.92,Card,2023-04-01,Quarterly,83,456
INV34687170,,2023-04-02,2023-04-02,1416.4,ACH,,Monthly,157,457
INV91837102,2023-04-03,2023-04-03,2023-04-03,1056.69,Check,2023-04-03,Annual,172,458
INV82985625,2023-04-04,2023-04-04,2023-04-04,1376.4,Card,2023-04-04,Quarterly,271,459
INV57512042,2023-04-05,2023-04-05,2023-04-05,1856.38,ACH,2023-04-05,Monthly,279,460
INV99799478,,2023-04-06,2023-04-06,1014.35,Check,,Quarterly,170,461
INV27758066,2023-04-07,2023-04-07,2023-04-07,2554.9,Card,2023-04-07,Quarterly,19,462
INV08940294,2023-04-08,2023-04-08,2023-04-08,1006.65,ACH,2023-04-08,Annual,256,463
INV41590473,2023-04-09,2023-04-09,2023-04-09,2162.27,ACH,2023-04-09,Quarterly,102,464
INV61637588,,2023-04-10,2023-04-10,2214.96,ACH,,Annual,114,465
INV82732490,2023-04-11,2023-04-11,2023-04-11,704.36,Check,2023-04-11,Quarterly,176,466
INV64422054,2023-04-12,2023-04-12,2023-04-12,1640.42,Check,2023-04-12,Annual,225,467
INV70946554,2023-04-13,2023-04-13,2023-04-13,1165.79,Card,2023-04-13,Quarterly,240,468
INV83938123,,2023-04-14,2023-04-14,996.08,Check,,Quarterly,30,469
INV52419144,2023-04-15,2023-04-15,2023-04-15,2114.19,Check,2023-04-15,Monthly,159,470
INV85007141,2023-04-16,2023-04-16,2023-04-16,1818.72,Card,2023-04-16,Annual,106,471
INV28873618,2023-04-17,2023-04-17,2023-04-17,129.69,ACH,2023-04-17,Quarterly,129,472
INV71957741,,2023-04-18,2023-04-18,278.94,Check,,Quarterly,58,473
INV52555232,2023-04-19,2023-04-19,2023-04-19,973.57,ACH,2023-04-19,Monthly,159,474
INV23964277,2023-04-20,2023-04-20,2023-04-20,1087.98,Check,2023-04-20,Annual,204,475
INV92165654,2023-04-21,2023-04-21,2023-04-21,544.76,Check,2023-04-21,Quarterly,86,476
INV96991910,,2023-04-22,2023-04-22,386.09,Card,,Annual,12,477
INV56334702,2023-04-23,2023-04-23,2023-04-23,217.13,Check,2023-04-23,Monthly,64,478
INV96104264,2023-04-24,2023-04-24,2023-04-24,1350.81,Check,2023-04-24,Quarterly,291,479
INV59077313,2023-04-25,2023-04-25,2023-04-25,696.39,ACH,2023-04-25,Quarterly,43,480
INV06877645,,2023-04-26,2023-04-26,1087.38,Card,,Quarterly,30,481
INV11581775,2023-04-27,2023-04-27,2023-04-27,191.16,Card,2023-04-27,Monthly,277,482
INV81727128,2023-04-28,2023-04-28,2023-04-28,2929.79,ACH,2023-04-28,Monthly,269,483
INV33441436,2023-04-29,2023-04-29,2023-04-29,1657.52,Card,2023-04-29,Annual,156,484
INV30589446,,2023-04-30,2023-04-30,267.47,Check,,Quarterly,195,485
INV44072100,2023-05-01,2023-05-01,2023-05-01,2224.05,Card,2023-05-01,Quarterly,221,486
INV66817856,2023-05-02,2023-05-02,2023-05-02,1561.81,Check,2023-05-02,Quarterly,190,487
INV15665451,2023-05-03,2023-05-03,2023-05-03,422.37,ACH,2023-05-03,Annual,93,488
INV95580067,,2023-05-04,2023-05-04,2889.1,Card,,Annual,11,489
INV48693498,2023-05-05,2023-05-05,2023-05-05,1800.86,ACH,2023-05-05,Monthly,82,490
INV09371405,2023-05-06,2023-05-06,2023-05-06,2363.9,Card,2023-05-06,Monthly,55,491
INV54436508,2023-05-07,2023-05-07,2023-05-07,317.42,ACH,2023-05-07,Monthly,238,492
INV15373524,,2023-05-08,2023-05-08,941.93,Card,,Annual,85,493
INV23441661,2023-05-09,2023-05-09,2023-05-09,595.05,Card,2023-05-09,Monthly,246,494
INV15714314,2023-05-10,2023-05-10,2023-05-10,1682.5,Card,2023-05-10,Annual,112,495
INV49612341,2023-05-11,2023-05-11,2023-05-11,1950.23,Card,2023-05-11,Monthly,149,496
INV40429204,,2023-05-12,2023-05-12,274.46,ACH,,Quarterly,6,497
INV40887990,2023-05-13,2023-05-13,2023-05-13,911.62,Check,2023-05-13,Annual,38,498
INV11796125,2023-05-14,2023-05-14,2023-05-14,1907.51,Card,2023-05-14,Annual,64,499
INV18637180,2023-05-15,2023-05-15,2023-05-15,2405.65,ACH,2023-05-15,Quarterly,83,500
INV74292126,,2023-05-16,2023-05-16,85.16,Check,,Quarterly,36,501
INV89963596,2023-05-17,2023-05-17,2023-05-17,2773.83,Check,2023-05-17,Monthly,175,502
INV84252217,2023-05-18,2023-05-18,2023-05-18,810.59,ACH,2023-05-18,Annual,39,503
INV23027345,2023-05-19,2023-05-19,2023-05-19,330.15,Card,2023-05-19,Annual,124,504
INV98738015,,2023-05-20,2023-05-20,181.18,Check,,Annual,145,505
INV05435228,2023-05-21,2023-05-21,2023-05-21,917.67,Check,2023-05-21,Monthly,113,506
INV01916178,2023-05-22,2023-05-22,2023-05-22,2813.91,Check,2023-05-22,Quarterly,92,507
INV60703342,2023-05-23,2023-05-23,2023-05-23,1786.99,ACH,2023-05-23,Monthly,252,508
INV98864213,,2023-05-24,2023-05-24,1173.59,Check,,Annual,291,509
INV55645879,2023-05-25,2023-05-25,2023-05-25,1003.58,Card,2023-05-25,Monthly,284,510
INV80682588,2023-05-26,2023-05-26,2023-05-26,2940.68,Card,2023-05-26,Quarterly,37,511
INV06697898,2023-05-27,2023-05-27,2023-05-27,148.28,Check,2023-05-27,Annual,127,512
INV04783828,,2023-05-28,2023-05-28,1053.91,Card,,Annual,300,513
INV08975523,2023-05-29,2023-05-29,2023-05-29,2845.88,ACH,2023-05-29,Annual,280,514
INV99560147,2023-05-30,2023-05-30,2023-05-30,2749.41,Card,2023-05-30,Monthly,44,515
INV24264937,2023-05-31,2023-05-31,2023-05-31,2843.7,ACH,2023-05-31,Quarterly,112,516
INV48932233,,2023-06-01,2023-06-01,2035.28,Check,,Monthly,157,517
INV32463693,2023-06-02,2023-06-02,2023-06-02,848.12,Check,2023-06-02,Monthly,41,518
INV57920042,2023-06-03,2023-06-03,2023-06-03,1389.13,Check,2023-06-03,Annual,176,519
INV43641064,2023-06-04,2023-06-04,2023-06-04,852.12,ACH,2023-06-04,Quarterly,41,520
INV87092318,,2023-06-05,2023-06-05,1299.16,Card,,Quarterly,278,521
INV94607820,2023-06-06,2023-06-06,2023-06-06,1766.33,Card,2023-06-06,Annual,45,522
INV55032336,2023-06-07,2023-06-07,2023-06-07,2379.85,Check,2023-06-07,Monthly,174,523
INV30314770,2023-06-08,2023-06-08,2023-06-08,1632.35,Card,2023-06-08,Monthly,273,524
INV11558757,,2023-06-09,2023-06-09,415.94,ACH,,Monthly,117,525
INV57396844,2023-06-10,2023-06-10,2023-06-10,756.81,ACH,2023-06-10,Quarterly,226,526
INV23949353,2023-06-11,2023-06-11,2023-06-11,699.14,Check,2023-06-11,Monthly,283,527
INV31631339,2023-06-12,2023-06-12,2023-06-12,1245.73,ACH,2023-06-12,Quarterly,113,528
INV76947888,,2023-06-13,2023-06-13,440.76,Check,,Quarterly,258,529
INV74568226,2023-06-14,2023-06-14,2023-06-14,1304.77,Check,2023-06-14,Quarterly,39,530
INV14923725,2023-06-15,2023-06-15,2023-06-15,1046.23,Check,2023-06-15,Quarterly,256,531
INV12575930,2023-06-16,2023-06-16,2023-06-16,1841.35,Card,2023-06-16,Annual,294,532
INV66619772,,2023-06-17,2023-06-17,766.52,Card,,Monthly,284,533
INV45184429,2023-06-18,2023-06-18,2023-06-18,921.24,ACH,2023-06-18,Quarterly,141,534
INV87616162,2023-06-19,2023-06-19,2023-06-19,2214.04,ACH,2023-06-19,Quarterly,134,535
INV10708021,2023-06-20,2023-06-20,2023-06-20,649.41,Card,2023-06-20,Monthly,178,536
INV75991404,,2023-06-21,2023-06-21,2935.9,ACH,,Monthly,203,537
INV80480355,2023-06-22,2023-06-22,2023-06-22,2337.76,Card,2023-06-22,Quarterly,167,538
INV65809276,2023-06-23,2023-06-23,2023-06-23,404.08,Check,2023-06-23,Annual,107,539
INV14012870,2023-06-24,2023-06-24,2023-06-24,367.91,Card,2023-06-24,Annual,53,540
INV88790326,,2023-06-25,2023-06-25,567.7,Check,,Annual,111,541
INV51584229,2023-06-26,2023-06-26,2023-06-26,1746.74,ACH,2023-06-26,Monthly,214,542
INV31404307,2023-06-27,2023-06-27,2023-06-27,1763.88,ACH,2023-06-27,Annual,147,543
INV45233480,2023-06-28,2023-06-28,2023-06-28,618.32,Check,2023-06-28,Quarterly,229,544
INV95429560,,2023-06-29,2023-06-29,527.09,ACH,,Monthly,38,545
INV33339985,2023-06-30,2023-06-30,2023-06-30,1579.18,Check,2023-06-30,Annual,93,546
INV28759451,2023-07-01,2023-07-01,2023-07-01,2699.56,Check,2023-07-01,Monthly,90,547
INV39784781,2023-07-02,2023-07-02,2023-07-02,590.46,ACH,2023-07-02,Annual,215,548
INV58373968,,2023-07-03,2023-07-03,1576.33,Check,,Annual,22,549
INV30257544,2023-07-04,2023-07-04,2023-07-04,1483.19,Check,2023-07-04,Quarterly,127,550
INV45502930,2023-07-05,2023-07-05,2023-07-05,2909.05,Card,2023-07-05,Quarterly,289,551
INV52508657,2023-07-06,2023-07-06,2023-07-06,625.54,ACH,2023-07-06,Annual,82,552
INV55135378,,2023-07-07,2023-07-07,56.1,Check,,Monthly,55,553
INV97933620,2023-07-08,2023-07-08,2023-07-08,1393.26,Check,2023-07-08,Quarterly,275,554
INV85541209,2023-07-09,2023-07-09,2023-07-09,1224.13,Card,2023-07-09,Annual,269,555
INV61513110,2023-07-10,2023-07-10,2023-07-10,2094.38,Card,2023-07-10,Annual,90,556
INV74004684,,2023-07-11,2023-07-11,437.3,ACH,,Annual,289,557
INV55779274,2023-07-12,2023-07-12,2023-07-12,739.17,Card,2023-07-12,Quarterly,233,558
INV76289724,2023-07-13,2023-07-13,2023-07-13,1682.32,ACH,2023-07-13,Annual,45,559
INV88372978,2023-07-14,2023-07-14,2023-07-14,2750.97,Check,2023-07-14,Quarterly,5,560
INV97244465,,2023-07-15,2023-07-15,2690.87,ACH,,Annual,297,561
INV02252902,2023-07-16,2023-07-16,2023-07-16,1162.88,Card,2023-07-16,Annual,295,562
INV56587035,2023-07-17,2023-07-17,2023-07-17,680.51,Card,2023-07-17,Quarterly,172,563
INV90615106,2023-07-18,2023-07-18,2023-07-18,2895.39,ACH,2023-07-18,Monthly,93,564
INV41245191,,2023-07-19,2023-07-19,1962.54,ACH,,Annual,232,565
INV53789305,2023-07-20,2023-07-20,2023-07-20,1030.41,Card,2023-07-20,Annual,100,566
INV68721130,2023-07-21,2023-07-21,2023-07-21,2373.11,ACH,2023-07-21,Quarterly,36,567
INV87913662,2023-07-22,2023-07-22,2023-07-22,1395.05,Check,2023-07-22,Monthly,205,568
INV63309927,,2023-07-23,2023-07-23,245.49,ACH,,Monthly,259,569
INV20963252,2023-07-24,2023-07-24,2023-07-24,2520.4,Card,2023-07-24,Quarterly,106,570
INV41520357,2023-07-25,2023-07-25,2023-07-25,116.56,Card,2023-07-25,Monthly,286,571
INV92099582,2023-07-26,2023-07-26,2023-07-26,1498.36,Card,2023-07-26,Quarterly,104,572
INV31509224,,2023-07-27,2023-07-27,2759.16,Check,,Monthly,84,573
INV65607749,2023-07-28,2023-07-28,2023-07-28,819.48,ACH,2023-07-28,Quarterly,283,574
INV53844982,2023-07-29,2023-07-29,2023-07-29,2582.02,ACH,2023-07-29,Quarterly,188,575
INV47614007,2023-07-30,2023-07-30,2023-07-30,550.86,Card,2023-07-30,Quarterly,14,576
INV22743546,,2023-07-31,2023-07-31,1936.98,Check,,Annual,289,577
INV58501201,2023-08-01,2023-08-01,2023-08-01,351.27,Check,2023-08-01,Quarterly,272,578
INV17993520,2023-08-02,2023-08-02,2023-08-02,2805.5,Card,2023-08-02,Monthly,242,579
INV89234445,2023-08-03,2023-08-03,2023-08-03,2533.34,Check,2023-08-03,Quarterly,41,580
INV43199326,,2023-08-04,2023-08-04,573.76,Check,,Annual,204,581
INV69462973,2023-08-05,2023-08-05,2023-08-05,627.43,Card,2023-08-05,Monthly,138,582
INV84685387,2023-08-06,2023-08-06,2023-08-06,1377.5,Check,2023-08-06,Annual,52,583
INV89667951,2023-08-07,2023-08-07,2023-08-07,688.67,Check,2023-08-07,Monthly,291,584
INV72997003,,2023-08-08,2023-08-08,950.6,Card,,Monthly,235,585
INV54333231,2023-08-09,2023-08-09,2023-08-09,1715.34,Check,2023-08-09,Monthly,244,586
INV69847943,2023-08-10,2023-08-10,2023-08-10,2104.91,Check,2023-08-10,Monthly,26,587
INV44060771,2023-08-11,2023-08-11,2023-08-11,2222.83,Card,2023-08-11,Annual,106,588
INV28478953,,2023-08-12,2023-08-12,1739.66,ACH,,Annual,120,589
INV30812497,2023-08-13,2023-08-13,2023-08-13,1894.16,Card,2023-08-13,Annual,51,590
INV55895558,2023-08-14,2023-08-14,2023-08-14,1390.38,Check,2023-08-14,Monthly,155,591
INV18434417,2023-08-15,2023-08-15,2023-08-15,2299.26,Card,2023-08-15,Monthly,24,592
INV02790829,,2023-08-16,2023-08-16,724.56,Card,,Annual,292,593
INV11500569,2023-08-17,2023-08-17,2023-08-17,1622.11,Check,2023-08-17,Quarterly,259,594
INV15406493,2023-08-18,2023-08-18,2023-08-18,2855.2,Check,2023-08-18,Annual,104,595
INV36910346,2023-08-19,2023-08-19,2023-08-19,775.36,Card,2023-08-19,Monthly,158,596
INV30566909,,2023-08-20,2023-08-20,2486.65,ACH,,Quarterly,105,597
INV60755477,2023-08-21,2023-08-21,2023-08-21,2994.24,Card,2023-08-21,Annual,7,598
INV91509076,2023-08-22,2023-08-22,2023-08-22,2774.05,Check,2023-08-22,Annual,147,599
INV14194654,2023-08-23,2023-08-23,2023-08-23,1694.85,Card,2023-08-23,Annual,254,600
