ContractNumber,LineOfBusiness,SeriesName,PlanName,ActivityStatus,CoverageType,BillingMethod,ModalPremium,InForceFlag,PayUpDate,Duration,Language,CreditCardNo,CardType,BankingTransitNumber,BankingAccountType,BankingAccountNumber,ContractID,Product_ProductID
POL97806937,Whole Life,S100,Preferred,Lapsed,Individual,Monthly,300.9,Y,2040-01-01,10,Spanish,5174771083494547,mastercard,637958747,Checking,2909438567,1,3
POL17985062,Whole Life,S300,Standard,Lapsed,Joint,Annual,724.62,N,2040-01-02,12,Spanish,377843759469735,Amex,403052448,Checking,8661252113,2,13
POL19927842,Term Life,S200,Standard,Lapsed,Individual,Quarterly,653.81,Y,2040-01-03,27,English,3533782066411839,jcb,398661228,Savings,1715378044,3,7
POL43060668,Term Life,S100,Preferred,Paid Up,Joint,Quarterly,188.47,N,2040-01-04,26,Spanish,3535317297122968,jcb,984696809,Savings,6801892010,4,3
POL80706342,Whole Life,S300,Standard,Lapsed,Individual,Monthly,776.19,Y,2040-01-05,24,Spanish,3589144725496979,jcb,434615345,Savings,6752364555,5,12
POL12123508,Whole Life,S300,Standard,Lapsed,Individual,Monthly,886.68,N,2040-01-06,19,Mandarin,5531452943589929,Amex,215976682,Savings,4472850194,6,11
POL41021455,Term Life,S200,Preferred,Paid Up,Individual,Quarterly,323.37,Y,2040-01-07,26,Mandarin,5395088813649883,mastercard,805653874,Savings,4481022487,7,1
POL06166402,Term Life,S300,Standard,Paid Up,Joint,Quarterly,178.68,N,2040-01-08,28,Mandarin,4911626194603973669,switch,390839031,Checking,4090882718,8,1
POL22459316,Term Life,S100,Select,Paid Up,Individual,Annual,314.9,Y,2040-01-09,12,Spanish,5602257004487788,bankcard,229252953,Checking,1185349707,9,12
POL19993841,Whole Life,S200,Select,Active,Individual,Monthly,855.48,N,2040-01-10,20,Mandarin,5602257107318103562,Amex,142310816,Savings,3728429397,10,5
POL33611374,Term Life,S100,Standard,Active,Joint,Annual,622.82,Y,2040-01-11,27,Mandarin,3530902858535461,jcb,450604529,Checking,3389737579,11,11
POL68072179,Whole Life,S300,Preferred,Active,Individual,Annual,562.08,N,2040-01-12,22,Spanish,5610305907684335622,Amex,188025534,Checking,5839263847,12,10
POL36017510,Term Life,S200,Preferred,Lapsed,Joint,Quarterly,363.64,Y,2040-01-13,16,Spanish,676731590692790663,solo,185796175,Checking,4934110426,13,8
POL73411763,Whole Life,S100,Preferred,Active,Joint,Monthly,843.33,N,2040-01-14,23,Spanish,3583444946422556,jcb,617431554,Savings,4606767419,14,13
POL02856952,Term Life,S300,Preferred,Active,Joint,Monthly,720.93,Y,2040-01-15,19,English,3550597746098386,jcb,714875531,Checking,3814773961,15,4
POL42217543,Whole Life,S100,Select,Active,Joint,Monthly,844.09,N,2040-01-16,10,English,5002354557481254,mastercard,294524238,Savings,2218119175,16,5
POL80512223,Term Life,S200,Standard,Lapsed,Joint,Monthly,891.68,Y,2040-01-17,26,Mandarin,3573927851219258,jcb,025916225,Checking,8249917591,17,5
POL45961876,Universal Life,S300,Preferred,Active,Joint,Annual,92.29,N,2040-01-18,17,English,3560040781912342,jcb,772769448,Savings,7866822226,18,12
POL61603076,Term Life,S300,Select,Paid Up,Joint,Quarterly,614.07,Y,2040-01-19,26,Spanish,30008975843076,Amex,397123816,Savings,1737091714,19,9
POL96062985,Whole Life,S200,Preferred,Lapsed,Individual,Monthly,771.3,N,2040-01-20,15,English,30596773993614,Amex,949686485,Savings,9654365473,20,13
POL25004271,Term Life,S300,Select,Paid Up,Individual,Annual,658.43,Y,2040-01-21,19,Spanish,30437629109503,Amex,563417325,Checking,3734788597,21,1
POL67454665,Whole Life,S200,Preferred,Active,Individual,Monthly,873.78,N,2040-01-22,20,Mandarin,201905280897130,Amex,777943199,Checking,0719484734,22,1
POL86169687,Whole Life,S200,Preferred,Lapsed,Joint,Monthly,886.05,Y,2040-01-23,19,Mandarin,30236184133951,Amex,620148595,Savings,5195492545,23,14
POL63226082,Term Life,S100,Preferred,Active,Individual,Annual,763.7,N,2040-01-24,10,Spanish,30196891308744,Amex,333013326,Savings,0230143128,24,7
POL47446105,Term Life,S200,Standard,Paid Up,Individual,Monthly,93.97,Y,2040-01-25,25,English,06043522681400999,maestro,756722397,Checking,8046727321,25,1
POL43954580,Whole Life,S300,Preferred,Active,Joint,Monthly,597.77,N,2040-01-26,21,Mandarin,5602214486096918,bankcard,151307677,Checking,7980492524,26,8
POL50016836,Universal Life,S300,Preferred,Paid Up,Joint,Annual,67.38,Y,2040-01-27,30,Spanish,3541214516054514,jcb,351414594,Checking,4745505947,27,11
POL97313198,Universal Life,S300,Preferred,Active,Joint,Quarterly,749.13,N,2040-01-28,18,Mandarin,675939849051695117,switch,790125923,Savings,1106806412,28,5
POL95861385,Universal Life,S100,Standard,Lapsed,Individual,Annual,732.23,Y,2040-01-29,23,Spanish,4917082177323021,Amex,220794182,Checking,9402064399,29,10
POL52045727,Universal Life,S100,Select,Active,Individual,Monthly,283.78,N,2040-01-30,29,Mandarin,5007667580333373,mastercard,367231074,Checking,1386628516,30,15
POL76582965,Universal Life,S200,Select,Lapsed,Individual,Monthly,106.09,Y,2040-01-31,15,English,30403063766273,Amex,025056020,Checking,6319180648,31,13
POL69902047,Whole Life,S200,Standard,Active,Joint,Annual,70.16,N,2040-02-01,16,Spanish,3581368063133294,jcb,601403766,Savings,1335299114,32,15
POL35710827,Whole Life,S100,Preferred,Lapsed,Joint,Quarterly,293.87,Y,2040-02-02,28,Mandarin,201869714560252,Amex,573421776,Savings,9907317222,33,5
POL22543541,Term Life,S100,Select,Paid Up,Joint,Annual,552.07,N,2040-02-03,25,Mandarin,3562882486437440,jcb,698380756,Checking,7184260722,34,9
POL08755813,Whole Life,S100,Select,Lapsed,Individual,Annual,388.21,Y,2040-02-04,24,Mandarin,3540229740160607,jcb,971328864,Checking,9526295232,35,9
POL54681536,Term Life,S100,Preferred,Active,Individual,Quarterly,707.12,N,2040-02-05,16,Mandarin,3555660616200915,jcb,906021204,Savings,9553912487,36,13
POL42394362,Term Life,S200,Select,Active,Individual,Monthly,557.2,Y,2040-02-06,24,English,5602224357457511,bankcard,451810955,Checking,7832156680,37,9
POL62609120,Universal Life,S200,Standard,Lapsed,Individual,Monthly,838.86,N,2040-02-07,20,Mandarin,6382076768936523,Amex,933474094,Checking,0008470125,38,9
POL97486706,Term Life,S200,Standard,Paid Up,Individual,Annual,288.49,Y,2040-02-08,30,English,5440507234824697,mastercard,745889294,Checking,8743627196,39,14
POL02680095,Term Life,S200,Preferred,Lapsed,Joint,Monthly,646.37,N,2040-02-09,20,English,4017952118479,visa,953958115,Checking,1169835397,40,6
POL44700047,Term Life,S100,Standard,Active,Individual,Quarterly,160.86,Y,2040-02-10,27,Mandarin,5438934445185433,mastercard,289080043,Savings,0485336341,41,14
POL87997139,Whole Life,S300,Standard,Paid Up,Joint,Annual,494.2,N,2040-02-11,13,Spanish,5602258840209204,bankcard,979537437,Checking,0748376085,42,9
POL12984283,Term Life,S200,Select,Active,Individual,Monthly,222.9,Y,2040-02-12,20,English,3582634449213947,jcb,648162872,Savings,5982855661,43,9
POL99078888,Universal Life,S100,Standard,Lapsed,Individual,Quarterly,326.71,N,2040-02-13,13,Mandarin,201933112512487,Amex,619063207,Checking,1250301667,44,14
POL09608398,Term Life,S300,Preferred,Lapsed,Individual,Quarterly,158.78,Y,2040-02-14,27,Mandarin,56022376787853217,Amex,465465199,Checking,7375481454,45,13
POL15350732,Whole Life,S100,Standard,Active,Individual,Monthly,249.6,N,2040-02-15,27,Spanish,3562571974876744,jcb,929122567,Savings,8154246322,46,14
POL33479481,Term Life,S100,Standard,Paid Up,Joint,Quarterly,750.5,Y,2040-02-16,15,English,5602223977565414438,Amex,878440063,Checking,9552407453,47,13
POL25786448,Universal Life,S200,Standard,Active,Joint,Quarterly,412.97,N,2040-02-17,20,Spanish,3560387718407650,jcb,074989402,Savings,8343695915,48,5
POL63050803,Whole Life,S100,Select,Lapsed,Joint,Quarterly,216.9,Y,2040-02-18,11,Mandarin,630438290779304206,maestro,759664345,Checking,5354308619,49,12
POL56296972,Universal Life,S100,Select,Lapsed,Joint,Annual,531.2,N,2040-02-19,13,Spanish,6304210612642885121,laser,593596484,Savings,8064381606,50,12
POL32466277,Universal Life,S100,Select,Lapsed,Joint,Quarterly,681.96,Y,2040-02-20,12,Spanish,3569702677307843,jcb,260176213,Checking,6589329015,51,14
POL52955894,Term Life,S200,Select,Lapsed,Individual,Quarterly,285.45,N,2040-02-21,14,Mandarin,4913244870061308,Amex,513099452,Savings,1851301650,52,10
POL06172150,Universal Life,S100,Select,Lapsed,Joint,Quarterly,491.0,Y,2040-02-22,30,English,4080635886144,visa,072456532,Savings,2991646683,53,11
POL78780626,Universal Life,S200,Select,Paid Up,Joint,Monthly,667.44,N,2040-02-23,20,English,4017952535995,visa,021728120,Savings,7963509409,54,10
POL33914550,Term Life,S200,Select,Paid Up,Individual,Monthly,367.34,Y,2040-02-24,27,Spanish,3574870009136751,jcb,364039174,Checking,9584762253,55,6
POL82499011,Term Life,S300,Select,Paid Up,Joint,Quarterly,756.55,N,2040-02-25,10,Mandarin,4017956648331,visa,241802253,Checking,0337830529,56,3
POL77696779,Universal Life,S100,Select,Paid Up,Joint,Quarterly,725.69,Y,2040-02-26,10,Spanish,5571114816012428,mastercard,958673242,Checking,2353261226,57,14
POL24870954,Whole Life,S100,Preferred,Active,Individual,Annual,532.83,N,2040-02-27,17,Mandarin,5602243183134207280,Amex,328197759,Savings,2997791964,58,11
POL23997575,Term Life,S200,Select,Lapsed,Joint,Monthly,339.1,Y,2040-02-28,26,English,36568368125120,Amex,516477307,Checking,5728916258,59,14
POL03050050,Whole Life,S100,Standard,Paid Up,Individual,Annual,414.19,N,2040-02-29,18,Mandarin,6373578369863155,Amex,621890542,Savings,9790285416,60,2
POL81780665,Term Life,S200,Preferred,Lapsed,Individual,Monthly,562.75,Y,2040-03-01,16,Spanish,3572674561102488,jcb,840791310,Savings,2865109053,61,11
POL44945223,Whole Life,S200,Select,Paid Up,Individual,Quarterly,328.81,N,2040-03-02,14,Spanish,3568561001977882,jcb,965353465,Checking,9972069899,62,12
POL53880761,Whole Life,S100,Standard,Active,Individual,Annual,244.81,Y,2040-03-03,29,English,201532055312200,Amex,462791500,Checking,6021384425,63,6
POL23071371,Term Life,S300,Standard,Active,Joint,Annual,178.42,N,2040-03-04,24,English,3528916285893990,jcb,530632157,Savings,5403650543,64,6
POL84781170,Universal Life,S300,Preferred,Paid Up,Joint,Annual,88.39,Y,2040-03-05,15,English,560222778964869909,Amex,194888609,Checking,0319360104,65,13
POL93490306,Whole Life,S100,Preferred,Lapsed,Joint,Quarterly,157.28,N,2040-03-06,21,Mandarin,3530185036765388,jcb,913051510,Savings,6977017015,66,10
POL85640031,Whole Life,S100,Select,Lapsed,Joint,Annual,598.22,Y,2040-03-07,18,English,67718751795902998,laser,908076359,Savings,3311962955,67,2
POL66513503,Term Life,S300,Preferred,Active,Individual,Annual,134.88,N,2040-03-08,18,Spanish,30582409717502,Amex,079666309,Checking,3833140669,68,10
POL46287387,Universal Life,S100,Select,Paid Up,Individual,Quarterly,702.96,Y,2040-03-09,21,Spanish,3549012545465061,jcb,146805199,Checking,1402177897,69,10
POL41494076,Universal Life,S100,Standard,Lapsed,Individual,Annual,198.66,N,2040-03-10,11,Spanish,560223924797119018,Amex,690876667,Checking,4564453570,70,4
POL37706771,Universal Life,S200,Standard,Lapsed,Individual,Quarterly,817.33,Y,2040-03-11,11,Mandarin,3547280413331028,jcb,364890341,Savings,8463138539,71,7
POL27430317,Universal Life,S200,Preferred,Paid Up,Individual,Annual,186.92,N,2040-03-12,10,Mandarin,4508474818933075,Amex,285688423,Savings,3782862520,72,9
POL51666363,Universal Life,S200,Select,Lapsed,Individual,Monthly,160.53,Y,2040-03-13,29,Spanish,3549723544713083,jcb,575853817,Checking,6011141821,73,4
POL43017219,Universal Life,S200,Preferred,Active,Joint,Monthly,102.42,N,2040-03-14,28,Mandarin,4917098104540370,Amex,037254696,Checking,3656798108,74,8
POL59856508,Whole Life,S300,Standard,Active,Joint,Monthly,416.83,Y,2040-03-15,19,Mandarin,201584078811874,Amex,691031817,Checking,7845898473,75,8
POL42176487,Whole Life,S300,Preferred,Active,Individual,Annual,160.29,N,2040-03-16,13,Spanish,560225601034181807,Amex,572600760,Savings,3047605047,76,3
POL54801704,Whole Life,S300,Select,Active,Individual,Annual,632.66,Y,2040-03-17,22,Spanish,5038718936111360,maestro,080627639,Savings,5287522508,77,2
POL37587347,Whole Life,S200,Standard,Paid Up,Joint,Annual,775.03,N,2040-03-18,28,Spanish,3528149759928676,jcb,386630877,Savings,5566699888,78,9
POL09301793,Whole Life,S200,Select,Lapsed,Individual,Annual,598.01,Y,2040-03-19,13,English,30471725623323,Amex,009971929,Checking,1119531796,79,1
POL21583663,Whole Life,S300,Preferred,Paid Up,Individual,Monthly,245.74,N,2040-03-20,13,Mandarin,3558327405064434,jcb,885441288,Checking,8131159191,80,12
POL17199290,Universal Life,S300,Select,Paid Up,Individual,Monthly,376.39,Y,2040-03-21,10,Spanish,3543748020629798,jcb,669296355,Savings,9489526056,81,12
POL07946925,Whole Life,S300,Preferred,Paid Up,Individual,Annual,356.78,N,2040-03-22,14,Spanish,3579466604664894,jcb,671519687,Checking,0623098525,82,8
POL12379704,Whole Life,S100,Standard,Lapsed,Joint,Annual,894.81,Y,2040-03-23,12,English,345745588346324,Amex,740939107,Checking,8840035757,83,1
POL47617334,Universal Life,S100,Preferred,Paid Up,Joint,Quarterly,106.54,N,2040-03-24,11,English,6370150764906634,Amex,738225550,Savings,8715607198,84,1
POL11540697,Universal Life,S300,Standard,Active,Individual,Monthly,813.79,Y,2040-03-25,12,Mandarin,560224799495198491,Amex,838542848,Checking,7241852016,85,13
POL31336541,Whole Life,S100,Select,Paid Up,Individual,Annual,85.81,N,2040-03-26,27,English,3589530810010909,jcb,249602915,Checking,5791023762,86,1
POL38281080,Term Life,S300,Select,Paid Up,Individual,Monthly,794.48,Y,2040-03-27,10,English,5100136221043524,mastercard,349561391,Savings,3527329003,87,10
POL74247996,Universal Life,S300,Select,Active,Individual,Monthly,673.26,N,2040-03-28,23,Mandarin,6709276463904168082,laser,660462874,Savings,2104447481,88,7
POL75424832,Term Life,S300,Standard,Lapsed,Joint,Quarterly,485.14,Y,2040-03-29,15,Mandarin,3537263987988482,jcb,225733009,Savings,0647883028,89,9
POL95579377,Whole Life,S200,Standard,Active,Individual,Annual,666.21,N,2040-03-30,18,Mandarin,4026313368534706,Amex,866414120,Savings,7262205063,90,12
POL82933776,Whole Life,S300,Preferred,Paid Up,Joint,Annual,557.52,Y,2040-03-31,21,Mandarin,3540924841023155,jcb,742372301,Savings,2158162795,91,13
POL56806846,Whole Life,S200,Select,Paid Up,Individual,Monthly,827.39,N,2040-04-01,28,Spanish,3573769463888363,jcb,000815568,Savings,7976226263,92,5
POL71119356,Term Life,S100,Preferred,Active,Individual,Quarterly,339.12,Y,2040-04-02,16,Spanish,4913141849174347,Amex,596390623,Checking,7705707539,93,6
POL37138705,Term Life,S300,Select,Active,Individual,Monthly,243.83,N,2040-04-03,12,Spanish,374288979729604,Amex,221196624,Checking,5963524545,94,13
POL65874602,Whole Life,S300,Preferred,Lapsed,Joint,Quarterly,767.47,Y,2040-04-04,28,English,3578837417250264,jcb,265237431,Checking,6398017025,95,13
POL16984480,Whole Life,S100,Select,Lapsed,Individual,Quarterly,667.87,N,2040-04-05,26,Spanish,374622265217934,Amex,286855324,Savings,3756206567,96,7
POL10836940,Term Life,S100,Select,Paid Up,Individual,Monthly,140.17,Y,2040-04-06,23,Mandarin,3545394408019159,jcb,644465569,Savings,4081078224,97,4
POL46418158,Whole Life,S100,Select,Paid Up,Individual,Quarterly,548.97,N,2040-04-07,26,Mandarin,3537061034714061,jcb,490340942,Checking,0554758181,98,1
POL50124112,Term Life,S300,Select,Paid Up,Individual,Annual,501.72,Y,2040-04-08,16,Mandarin,3534197263722442,jcb,756278173,Checking,3479403061,99,1
POL54919344,Whole Life,S100,Preferred,Active,Joint,Quarterly,71.28,N,2040-04-09,25,English,3576354733373012,jcb,037840991,Checking,8594750383,100,3
POL01408747,Universal Life,S200,Preferred,Lapsed,Joint,Quarterly,189.18,Y,2040-04-10,19,Mandarin,5442576654275456,mastercard,447014225,Savings,7971934552,101,15
POL81574439,Whole Life,S100,Select,Lapsed,Individual,Annual,869.08,N,2040-04-11,28,English,5100175356677441,mastercard,652160876,Savings,1171892190,102,1
POL69290375,Whole Life,S200,Standard,Paid Up,Individual,Monthly,177.42,Y,2040-04-12,26,English,4913341425687700,Amex,845333763,Checking,7743786257,103,2
POL01053873,Term Life,S100,Preferred,Active,Joint,Annual,802.29,N,2040-04-13,24,Mandarin,5007663327168321,mastercard,683844407,Checking,3903541680,104,9
POL33692808,Term Life,S100,Select,Active,Joint,Monthly,578.58,Y,2040-04-14,16,English,201529597674782,Amex,826700065,Savings,5837557617,105,2
POL43541838,Whole Life,S100,Preferred,Lapsed,Joint,Monthly,373.65,N,2040-04-15,22,Spanish,3555714067391051,jcb,003913308,Savings,0395483050,106,9
POL62969138,Term Life,S300,Preferred,Paid Up,Joint,Monthly,516.93,Y,2040-04-16,10,Mandarin,63049717384122248,laser,699981438,Savings,2063547544,107,15
POL26593740,Whole Life,S200,Preferred,Active,Individual,Annual,203.74,N,2040-04-17,24,Spanish,676731733463956069,solo,881396757,Checking,5187618756,108,5
POL12198286,Universal Life,S300,Preferred,Paid Up,Joint,Quarterly,591.89,Y,2040-04-18,29,Spanish,3534826669375666,jcb,362935821,Checking,4165442224,109,5
POL10180550,Whole Life,S100,Standard,Lapsed,Joint,Annual,884.53,N,2040-04-19,18,English,347275438914111,Amex,330043945,Checking,0601753659,110,2
POL44058334,Universal Life,S100,Standard,Paid Up,Joint,Annual,668.0,Y,2040-04-20,16,English,6759563661565490870,maestro,079225332,Checking,9863659641,111,12
POL77479427,Universal Life,S100,Standard,Lapsed,Joint,Monthly,808.0,N,2040-04-21,15,Mandarin,5048374312442900,mastercard,935239748,Savings,8253243943,112,12
POL77062746,Universal Life,S200,Standard,Lapsed,Individual,Monthly,511.33,Y,2040-04-22,28,English,201567244060278,Amex,042322388,Savings,3156302433,113,12
POL82433380,Term Life,S100,Preferred,Paid Up,Individual,Quarterly,227.94,N,2040-04-23,13,English,3542731097994379,jcb,121482604,Savings,0759858883,114,10
POL24126200,Term Life,S300,Preferred,Paid Up,Joint,Quarterly,864.36,Y,2040-04-24,22,Mandarin,5010122254676132,mastercard,751937725,Checking,2944454292,115,8
POL06542415,Whole Life,S200,Standard,Active,Individual,Monthly,394.42,N,2040-04-25,15,English,3535630272299001,jcb,685379155,Savings,5305584197,116,6
POL53060905,Universal Life,S200,Standard,Active,Individual,Quarterly,180.95,Y,2040-04-26,11,Spanish,5475867173308591,Amex,281000976,Checking,9443940528,117,11
POL84261200,Universal Life,S200,Preferred,Lapsed,Individual,Quarterly,281.8,N,2040-04-27,13,English,4913175842604579,Amex,276910464,Checking,3348276343,118,5
POL73260001,Whole Life,S100,Select,Lapsed,Joint,Monthly,406.37,Y,2040-04-28,18,English,3586417566639540,jcb,123836349,Checking,6808941333,119,6
POL16948187,Universal Life,S300,Select,Active,Individual,Annual,745.74,N,2040-04-29,14,Spanish,3561632048954692,jcb,664296504,Savings,7163156198,120,7
POL79137273,Term Life,S300,Standard,Lapsed,Individual,Quarterly,188.51,Y,2040-04-30,26,English,3577990111212345,jcb,906027601,Checking,3602027976,121,3
POL38661558,Term Life,S100,Preferred,Lapsed,Individual,Annual,515.91,N,2040-05-01,10,Mandarin,3555649514213088,jcb,271785418,Savings,7131399184,122,14
POL69923055,Term Life,S100,Select,Lapsed,Individual,Quarterly,199.24,Y,2040-05-02,11,English,374622045338711,Amex,484464922,Savings,5759887078,123,9
POL38888890,Term Life,S100,Standard,Lapsed,Individual,Monthly,383.02,N,2040-05-03,13,Mandarin,4905001297887628,switch,537030089,Savings,9817338174,124,15
POL48244919,Term Life,S200,Standard,Paid Up,Joint,Annual,750.6,Y,2040-05-04,12,Spanish,3532265026298760,jcb,959471476,Checking,3092417145,125,4
POL44125914,Universal Life,S200,Select,Lapsed,Individual,Annual,344.04,N,2040-05-05,25,Spanish,3545455414620569,jcb,860210920,Savings,9672495680,126,4
POL26409428,Whole Life,S200,Select,Active,Joint,Annual,842.38,Y,2040-05-06,24,Mandarin,5048372594005577,mastercard,703118013,Savings,1709905812,127,12
POL05541199,Whole Life,S300,Preferred,Lapsed,Joint,Quarterly,830.51,N,2040-05-07,18,English,3554024349870315,jcb,307033942,Checking,9454465779,128,1
POL49770753,Whole Life,S300,Select,Lapsed,Joint,Annual,473.38,Y,2040-05-08,12,Mandarin,6395918345510963,Amex,305794252,Checking,5738854811,129,15
POL48655581,Whole Life,S300,Select,Lapsed,Individual,Annual,546.97,N,2040-05-09,23,Spanish,3542788300004008,jcb,473710671,Savings,8348994646,130,11
POL46369874,Term Life,S300,Preferred,Active,Individual,Monthly,495.95,Y,2040-05-10,10,English,0604750110456357399,maestro,739814165,Savings,0799199150,131,5
POL64068095,Whole Life,S300,Select,Lapsed,Joint,Annual,850.16,N,2040-05-11,30,Spanish,30258867673582,Amex,072167863,Checking,9399299767,132,12
POL70389558,Term Life,S100,Preferred,Paid Up,Individual,Quarterly,166.15,Y,2040-05-12,17,Spanish,3544602026570291,jcb,673864328,Checking,0252524484,133,14
POL44028746,Term Life,S200,Standard,Active,Joint,Quarterly,608.21,N,2040-05-13,16,English,502012297191447971,maestro,395797414,Savings,0587060725,134,3
POL01496279,Term Life,S200,Standard,Paid Up,Individual,Monthly,536.86,Y,2040-05-14,18,Spanish,374283408639136,Amex,309085332,Checking,2516614062,135,13
POL98551672,Universal Life,S100,Standard,Active,Joint,Quarterly,429.97,N,2040-05-15,11,Mandarin,5007665001588740,mastercard,120908869,Savings,0397785545,136,8
POL15892192,Term Life,S100,Standard,Paid Up,Individual,Annual,501.46,Y,2040-05-16,22,English,3552317627950342,jcb,791535629,Checking,5711107744,137,8
POL21987102,Whole Life,S200,Preferred,Paid Up,Joint,Annual,414.3,N,2040-05-17,25,English,50388062090413789,maestro,273564345,Savings,9319540647,138,2
POL91869908,Whole Life,S200,Standard,Active,Joint,Annual,686.66,Y,2040-05-18,22,English,4405895077138903,Amex,789330314,Checking,4186081445,139,9
POL54477142,Term Life,S200,Select,Paid Up,Joint,Monthly,800.45,N,2040-05-19,13,Spanish,201836132280334,Amex,030190556,Savings,7224648273,140,10
POL17262106,Universal Life,S300,Standard,Paid Up,Joint,Annual,735.87,Y,2040-05-20,19,Spanish,3574833497819189,jcb,781824717,Savings,2802051526,141,9
POL62254007,Term Life,S300,Preferred,Paid Up,Individual,Annual,515.49,N,2040-05-21,22,Mandarin,3547819460795591,jcb,782146811,Checking,8902398250,142,14
POL91297788,Universal Life,S300,Preferred,Lapsed,Joint,Quarterly,461.55,Y,2040-05-22,15,Mandarin,3569059746677536,jcb,392304096,Checking,8903694815,143,1
POL72751038,Term Life,S200,Standard,Active,Individual,Annual,870.96,N,2040-05-23,25,English,676350211116396801,maestro,500775632,Checking,0699198233,144,7
POL03910839,Universal Life,S300,Preferred,Lapsed,Joint,Quarterly,267.29,Y,2040-05-24,15,English,6373355680426172,Amex,251118830,Savings,0844073717,145,13
POL15080585,Term Life,S100,Select,Lapsed,Joint,Monthly,364.47,N,2040-05-25,29,Spanish,3542840641114143,jcb,563665680,Checking,3161281239,146,5
POL50448446,Universal Life,S100,Standard,Paid Up,Joint,Monthly,885.7,Y,2040-05-26,29,English,3536009937822250,jcb,444710400,Savings,8176953026,147,10
POL93790687,Whole Life,S300,Standard,Lapsed,Joint,Monthly,340.12,N,2040-05-27,13,English,3579757658376520,jcb,361280369,Checking,1759267900,148,15
POL78181828,Universal Life,S300,Preferred,Paid Up,Individual,Monthly,392.03,Y,2040-05-28,14,Spanish,5438576946735271,mastercard,393724806,Checking,5053884027,149,7
POL99499229,Whole Life,S200,Standard,Active,Individual,Annual,777.07,N,2040-05-29,19,English,3542291287255529,jcb,503777140,Checking,0888468725,150,6
POL55552638,Universal Life,S100,Standard,Paid Up,Joint,Annual,680.23,Y,2040-05-30,22,Spanish,4844580514692501,Amex,160629903,Checking,1105747172,151,7
POL81422883,Whole Life,S100,Select,Active,Individual,Annual,82.7,N,2040-05-31,17,English,3534204638682648,jcb,114793863,Checking,5250133722,152,3
POL99796621,Whole Life,S300,Select,Lapsed,Joint,Monthly,341.45,Y,2040-06-01,21,English,4017955521075,visa,459269940,Checking,2747611405,153,10
POL92641548,Term Life,S100,Standard,Lapsed,Individual,Annual,746.18,N,2040-06-02,19,Mandarin,374283268594348,Amex,233768821,Checking,8928753177,154,9
POL46527986,Whole Life,S300,Standard,Active,Joint,Quarterly,152.51,Y,2040-06-03,11,English,3562304363088725,jcb,186151419,Savings,3537248969,155,4
POL86918592,Whole Life,S300,Standard,Lapsed,Individual,Quarterly,144.72,N,2040-06-04,29,Mandarin,3551221952002839,jcb,551495939,Checking,0371838521,156,2
POL74651942,Term Life,S100,Select,Paid Up,Individual,Quarterly,293.91,Y,2040-06-05,15,Mandarin,3533720124060644,jcb,054731551,Checking,3884990129,157,3
POL95047616,Term Life,S300,Preferred,Paid Up,Individual,Annual,91.56,N,2040-06-06,11,Mandarin,201955933730410,Amex,503971497,Savings,3855921400,158,15
POL65073448,Term Life,S200,Preferred,Lapsed,Joint,Annual,700.76,Y,2040-06-07,19,Mandarin,3563479881853385,jcb,605700905,Savings,8468488940,159,11
POL64723612,Universal Life,S100,Standard,Paid Up,Individual,Quarterly,528.55,N,2040-06-08,21,Mandarin,67062824699831050,laser,089934316,Savings,6491877857,160,10
POL81049666,Universal Life,S200,Preferred,Lapsed,Individual,Quarterly,156.73,Y,2040-06-09,27,English,374622610557620,Amex,298774646,Savings,3391980948,161,6
POL65047786,Whole Life,S100,Standard,Paid Up,Joint,Quarterly,712.5,N,2040-06-10,29,English,3589637978404913,jcb,348805471,Savings,7728541120,162,11
POL04953753,Term Life,S200,Select,Paid Up,Individual,Quarterly,689.4,Y,2040-06-11,23,Mandarin,5100179379614068,mastercard,765745595,Savings,9023189639,163,11
POL93425541,Term Life,S100,Standard,Lapsed,Joint,Quarterly,880.47,N,2040-06-12,13,English,3575057174417187,jcb,961640406,Checking,5473402007,164,14
POL99451105,Whole Life,S300,Select,Lapsed,Individual,Annual,710.26,Y,2040-06-13,16,English,3535780340435424,jcb,958445868,Checking,8422083002,165,14
POL28020726,Whole Life,S200,Standard,Active,Individual,Annual,339.04,N,2040-06-14,12,Mandarin,3571314587612621,jcb,999400714,Checking,8259908724,166,12
POL77472187,Universal Life,S100,Select,Active,Joint,Quarterly,324.88,Y,2040-06-15,19,English,560223502834622473,Amex,108855930,Checking,7452036746,167,8
POL54225916,Whole Life,S300,Preferred,Lapsed,Individual,Annual,801.14,N,2040-06-16,19,Mandarin,3540461100535959,jcb,088017344,Savings,1688731657,168,4
POL65099944,Universal Life,S200,Preferred,Paid Up,Joint,Quarterly,768.93,Y,2040-06-17,19,Mandarin,374288725087141,Amex,184635040,Savings,3447837158,169,8
POL98160737,Whole Life,S300,Preferred,Lapsed,Joint,Annual,643.13,N,2040-06-18,14,Spanish,3557550865412071,jcb,614860428,Savings,7123360440,170,5
POL46827581,Universal Life,S200,Standard,Lapsed,Joint,Annual,134.29,Y,2040-06-19,18,Mandarin,4017957635526266,visa,986357718,Checking,8257651419,171,7
POL06968693,Universal Life,S300,Preferred,Paid Up,Individual,Quarterly,97.99,N,2040-06-20,29,Mandarin,3557501417453337,jcb,572689393,Savings,0390408190,172,4
POL86275060,Universal Life,S200,Standard,Paid Up,Joint,Annual,512.62,Y,2040-06-21,12,Spanish,4017954441006716,visa,137884795,Savings,6390395905,173,3
POL97413469,Universal Life,S300,Select,Active,Individual,Monthly,481.54,N,2040-06-22,23,Mandarin,30364371522842,Amex,711761417,Checking,5834370919,174,5
POL60234155,Universal Life,S100,Standard,Lapsed,Individual,Monthly,622.45,Y,2040-06-23,14,Mandarin,3571747260927891,jcb,274325555,Savings,8090887355,175,4
POL70001735,Whole Life,S200,Select,Active,Individual,Monthly,764.0,N,2040-06-24,22,English,374288150254265,Amex,220832587,Savings,0516701547,176,8
POL58012014,Universal Life,S200,Standard,Paid Up,Joint,Annual,361.14,Y,2040-06-25,30,Mandarin,3573722124596693,jcb,381782040,Checking,6947091256,177,11
POL83132368,Universal Life,S100,Standard,Active,Joint,Quarterly,294.39,N,2040-06-26,21,Mandarin,3553164889296124,jcb,824908652,Checking,8425333391,178,4
POL02853819,Term Life,S200,Select,Active,Individual,Monthly,542.63,Y,2040-06-27,10,Spanish,3543958424208194,jcb,197537671,Checking,6483401552,179,8
POL20184411,Term Life,S200,Select,Lapsed,Joint,Quarterly,285.78,N,2040-06-28,18,Mandarin,4175006266116670,Amex,528724014,Checking,0255543579,180,9
POL55920803,Term Life,S200,Select,Paid Up,Joint,Annual,766.85,Y,2040-06-29,13,English,5602240325026527,bankcard,424662946,Savings,6027125796,181,14
POL45793894,Universal Life,S200,Select,Active,Individual,Annual,331.6,N,2040-06-30,23,Spanish,36638558356072,Amex,100896136,Savings,0464927764,182,2
POL67301858,Whole Life,S200,Preferred,Paid Up,Joint,Quarterly,476.17,Y,2040-07-01,29,Mandarin,3559140205097663,jcb,671011981,Checking,1726698271,183,13
POL78196244,Universal Life,S100,Select,Active,Individual,Annual,118.65,N,2040-07-02,14,Spanish,30254657375280,Amex,962927280,Checking,2974923321,184,12
POL56028324,Term Life,S300,Standard,Paid Up,Individual,Monthly,499.02,Y,2040-07-03,24,Spanish,0604654696166184,maestro,681171826,Checking,8735061585,185,13
POL47748691,Whole Life,S100,Standard,Lapsed,Individual,Quarterly,671.7,N,2040-07-04,16,Mandarin,3561922522472117,jcb,239842783,Savings,7894040631,186,4
POL18208135,Whole Life,S300,Preferred,Lapsed,Joint,Quarterly,819.13,Y,2040-07-05,17,Mandarin,3567597333693061,jcb,719828313,Checking,2178764946,187,13
POL73900052,Whole Life,S100,Select,Lapsed,Joint,Annual,506.76,N,2040-07-06,10,English,3577732645762100,jcb,024857212,Savings,5898728828,188,3
POL39487797,Universal Life,S300,Preferred,Paid Up,Joint,Monthly,304.99,Y,2040-07-07,15,Mandarin,3543574088066438,jcb,384003310,Checking,1949133575,189,1
POL70767507,Universal Life,S100,Select,Lapsed,Joint,Annual,286.24,N,2040-07-08,19,Spanish,58935163481428013,maestro,094914092,Checking,6059395690,190,13
POL82277651,Term Life,S300,Select,Active,Joint,Quarterly,99.19,Y,2040-07-09,12,Mandarin,5010126162002398,mastercard,130513133,Checking,2987832828,191,15
POL54631151,Whole Life,S300,Preferred,Active,Joint,Annual,265.02,N,2040-07-10,10,Spanish,201651535742461,Amex,891079831,Checking,4927347547,192,7
POL67024231,Whole Life,S200,Select,Lapsed,Individual,Monthly,633.92,Y,2040-07-11,12,English,5602259224484025,bankcard,225021955,Checking,8547335252,193,14
POL94836474,Term Life,S200,Preferred,Paid Up,Joint,Annual,729.07,N,2040-07-12,17,English,3551080907182686,jcb,416980607,Savings,2245264421,194,4
POL11857871,Universal Life,S200,Select,Lapsed,Individual,Monthly,770.21,Y,2040-07-13,25,Mandarin,3530070528371541,jcb,536769245,Savings,5606978931,195,15
POL38080192,Whole Life,S100,Preferred,Paid Up,Individual,Quarterly,199.78,N,2040-07-14,25,English,3548609131292378,jcb,117682918,Checking,8759234139,196,7
POL97335432,Term Life,S300,Select,Lapsed,Individual,Monthly,97.29,Y,2040-07-15,16,Mandarin,5100140911288670,mastercard,816294544,Checking,9448487268,197,10
POL57544424,Whole Life,S300,Select,Active,Individual,Quarterly,298.33,N,2040-07-16,18,Spanish,3556215359623051,jcb,080544337,Savings,2628384268,198,7
POL45643264,Term Life,S100,Select,Lapsed,Individual,Quarterly,83.45,Y,2040-07-17,10,Spanish,3540822726963380,jcb,744559580,Checking,2332502458,199,9
POL02688278,Universal Life,S300,Standard,Active,Joint,Annual,83.48,N,2040-07-18,24,English,337941122398802,Amex,757802564,Savings,9280225826,200,11
POL08956175,Term Life,S200,Select,Paid Up,Individual,Monthly,885.59,Y,2040-07-19,21,English,3572418078171622,jcb,987149070,Checking,1644056312,201,10
POL18080408,Term Life,S300,Standard,Active,Individual,Monthly,230.9,N,2040-07-20,13,English,3572082444119903,jcb,917467241,Savings,9583547235,202,1
POL92331102,Whole Life,S300,Standard,Active,Individual,Quarterly,264.76,Y,2040-07-21,14,Spanish,3538521978969038,jcb,409521617,Checking,9810993690,203,12
POL51455265,Whole Life,S100,Select,Lapsed,Individual,Annual,355.02,N,2040-07-22,24,Spanish,337941094851721,Amex,481467471,Checking,6134532169,204,4
POL11897373,Universal Life,S200,Standard,Paid Up,Joint,Monthly,661.19,Y,2040-07-23,30,Mandarin,3541223460141318,jcb,518898026,Checking,2989428789,205,13
POL43182257,Universal Life,S300,Select,Lapsed,Joint,Quarterly,103.89,N,2040-07-24,26,English,341541535241773,Amex,190649239,Savings,8165532644,206,6
POL95777806,Whole Life,S200,Preferred,Paid Up,Joint,Quarterly,770.74,Y,2040-07-25,16,Mandarin,63042350438915511,laser,344295933,Savings,4879628841,207,15
POL76436502,Term Life,S100,Standard,Active,Joint,Quarterly,802.1,N,2040-07-26,13,Mandarin,3562851550037956,jcb,472480739,Savings,9218357788,208,1
POL26036515,Universal Life,S200,Standard,Lapsed,Individual,Monthly,841.65,Y,2040-07-27,24,English,490328816527145699,switch,155428741,Savings,4381399744,209,10
POL07790459,Whole Life,S300,Standard,Active,Individual,Monthly,114.8,N,2040-07-28,26,English,201670687381290,Amex,363227531,Checking,7114288612,210,8
POL22348003,Whole Life,S200,Standard,Lapsed,Joint,Monthly,856.73,Y,2040-07-29,27,English,4903078155334390762,switch,294718833,Checking,0351655960,211,8
POL31947138,Whole Life,S300,Select,Lapsed,Individual,Quarterly,248.37,N,2040-07-30,12,Spanish,5007661007152656,mastercard,971861822,Checking,8482428886,212,1
POL33852258,Whole Life,S200,Standard,Lapsed,Individual,Annual,379.27,Y,2040-07-31,18,English,6759487239964559646,switch,192991510,Checking,9938237393,213,6
POL38785145,Whole Life,S200,Standard,Lapsed,Individual,Annual,345.05,N,2040-08-01,30,Mandarin,30283211113994,Amex,306883580,Savings,3103145398,214,15
POL08207313,Term Life,S300,Select,Active,Individual,Quarterly,867.12,Y,2040-08-02,16,English,5048377552615671,mastercard,451008038,Savings,7688792222,215,2
POL02607918,Whole Life,S200,Preferred,Paid Up,Joint,Monthly,628.07,N,2040-08-03,20,Mandarin,5007667547388502,mastercard,297650795,Savings,9960114369,216,3
POL31825198,Universal Life,S300,Standard,Lapsed,Joint,Annual,158.42,Y,2040-08-04,20,Spanish,3550669817549918,jcb,774941125,Checking,2470426444,217,5
POL83644898,Term Life,S300,Standard,Lapsed,Individual,Monthly,295.23,N,2040-08-05,16,Spanish,30211799839383,Amex,736737938,Savings,6579455441,218,10
POL83247917,Universal Life,S100,Standard,Active,Joint,Quarterly,232.63,Y,2040-08-06,30,Spanish,5100145792664147,mastercard,702604803,Checking,6830794377,219,6
POL80083653,Term Life,S300,Preferred,Lapsed,Individual,Annual,87.39,N,2040-08-07,20,Spanish,3583330576003321,jcb,876057648,Savings,8771619916,220,2
POL55862666,Term Life,S200,Preferred,Lapsed,Joint,Quarterly,588.33,Y,2040-08-08,23,Spanish,5602253950514824,bankcard,363726729,Checking,2044993406,221,8
POL98275142,Universal Life,S100,Standard,Lapsed,Individual,Annual,330.35,N,2040-08-09,26,Spanish,5602230157157177,Amex,465551641,Savings,1498644931,222,15
POL51607482,Universal Life,S100,Select,Paid Up,Joint,Annual,832.46,Y,2040-08-10,17,Mandarin,5007666292192150,mastercard,448044812,Savings,7174474087,223,5
POL65136328,Universal Life,S300,Preferred,Lapsed,Joint,Annual,129.2,N,2040-08-11,17,Mandarin,4026987123359887,Amex,971909592,Savings,5102205732,224,15
POL71830107,Term Life,S100,Preferred,Active,Individual,Annual,233.19,Y,2040-08-12,29,Spanish,4913936522418865,Amex,723043844,Savings,4500425201,225,15
POL45825413,Term Life,S300,Preferred,Lapsed,Joint,Monthly,391.5,N,2040-08-13,26,Spanish,3556193147877885,jcb,794606849,Savings,8311525474,226,4
POL85729131,Term Life,S300,Select,Active,Individual,Annual,674.88,Y,2040-08-14,21,Spanish,3564530116987106,jcb,838567561,Checking,6154219618,227,7
POL03489382,Term Life,S300,Preferred,Active,Joint,Annual,159.45,N,2040-08-15,15,Spanish,5108757735937455,mastercard,086841237,Savings,4761607480,228,9
POL50010524,Term Life,S100,Preferred,Active,Joint,Quarterly,338.52,Y,2040-08-16,19,Mandarin,3568967940728528,jcb,303048115,Savings,4616634487,229,8
POL35436558,Universal Life,S200,Select,Lapsed,Joint,Quarterly,95.96,N,2040-08-17,17,Mandarin,3585270137969727,jcb,108884315,Savings,2129702068,230,8
POL01938399,Whole Life,S300,Standard,Paid Up,Individual,Monthly,784.55,Y,2040-08-18,13,Mandarin,4041595660093032,visa,527631296,Checking,5625407782,231,3
POL42431388,Universal Life,S200,Select,Lapsed,Joint,Quarterly,644.13,N,2040-08-19,16,Spanish,3539250612864301,jcb,671092039,Checking,7023200484,232,11
POL78603970,Whole Life,S100,Standard,Lapsed,Individual,Monthly,81.78,Y,2040-08-20,17,Mandarin,5540452879646122,Amex,750588444,Savings,8410834663,233,2
POL96387869,Whole Life,S200,Select,Active,Joint,Annual,570.85,N,2040-08-21,24,English,3576174251488525,jcb,884036769,Savings,3542496169,234,14
POL39342203,Universal Life,S200,Select,Active,Individual,Annual,162.92,Y,2040-08-22,20,Spanish,375424546477224,Amex,908579130,Savings,5055432948,235,12
POL66963269,Universal Life,S200,Select,Paid Up,Individual,Monthly,386.11,N,2040-08-23,16,Mandarin,4017953690591,visa,101055492,Savings,3555712025,236,11
POL90413969,Whole Life,S100,Select,Lapsed,Joint,Quarterly,103.83,Y,2040-08-24,12,Spanish,372301853714147,Amex,102479257,Checking,6057364090,237,4
POL41285254,Whole Life,S200,Preferred,Lapsed,Individual,Annual,482.21,N,2040-08-25,10,Mandarin,3543021948848001,jcb,992340348,Checking,0278789797,238,11
POL37356798,Whole Life,S300,Preferred,Lapsed,Joint,Quarterly,498.91,Y,2040-08-26,13,Spanish,201788759170779,Amex,245626354,Checking,4549740162,239,13
POL71819000,Whole Life,S300,Select,Paid Up,Individual,Quarterly,688.6,N,2040-08-27,28,English,372630581752726,Amex,991706631,Savings,8951720742,240,13
POL58624760,Whole Life,S100,Preferred,Active,Joint,Monthly,61.89,Y,2040-08-28,23,Spanish,5100140874450663,mastercard,233808697,Savings,7309708612,241,6
POL47448866,Term Life,S100,Standard,Lapsed,Joint,Quarterly,90.98,N,2040-08-29,14,Spanish,3589046501197590,jcb,282023963,Savings,8509629103,242,1
POL78722730,Whole Life,S200,Standard,Active,Individual,Annual,274.17,Y,2040-08-30,11,English,5602224538353076,Amex,905763516,Checking,9065381079,243,5
POL24533826,Whole Life,S100,Preferred,Paid Up,Joint,Annual,709.6,N,2040-08-31,12,Spanish,3585945483458728,jcb,385569781,Checking,2916243733,244,14
POL42114992,Whole Life,S100,Select,Lapsed,Individual,Monthly,636.26,Y,2040-09-01,16,English,3561619921968980,jcb,102308027,Savings,8403533694,245,15
POL05064719,Whole Life,S200,Select,Paid Up,Individual,Quarterly,660.09,N,2040-09-02,30,Spanish,5100145586066632,mastercard,349779253,Checking,5794705443,246,14
POL99368999,Term Life,S200,Standard,Active,Individual,Monthly,555.85,Y,2040-09-03,12,Spanish,6767952065910105831,solo,320573779,Checking,9624796088,247,2
POL21721759,Universal Life,S100,Preferred,Lapsed,Individual,Monthly,638.46,N,2040-09-04,25,English,0604765676860122937,maestro,464310134,Checking,1277235112,248,7
POL12094185,Term Life,S100,Standard,Lapsed,Individual,Monthly,498.61,Y,2040-09-05,21,Spanish,3528839381436284,jcb,959336238,Savings,5256377101,249,9
POL09500970,Term Life,S100,Standard,Active,Joint,Monthly,539.29,N,2040-09-06,21,English,3589992769694911,jcb,823950501,Checking,3171065644,250,12
POL18532604,Whole Life,S300,Standard,Active,Individual,Monthly,577.13,Y,2040-09-07,19,English,3563672455801182,jcb,468029483,Savings,9262018189,251,3
POL47181512,Universal Life,S200,Standard,Active,Joint,Quarterly,783.77,N,2040-09-08,17,Mandarin,502057165200329827,maestro,861872374,Savings,5862734287,252,11
POL75854381,Universal Life,S200,Select,Active,Individual,Annual,640.82,Y,2040-09-09,21,Spanish,6759999911597774,switch,872965225,Checking,6239107886,253,6
POL82136660,Universal Life,S300,Select,Lapsed,Joint,Quarterly,340.93,N,2040-09-10,22,Mandarin,3528563588928105,jcb,540706447,Checking,3041571715,254,2
POL45470537,Universal Life,S200,Select,Lapsed,Joint,Annual,56.22,Y,2040-09-11,14,Spanish,3550084816722138,jcb,750381576,Checking,8447084133,255,5
POL81072797,Whole Life,S100,Preferred,Lapsed,Individual,Annual,179.88,N,2040-09-12,13,Mandarin,3535431054848572,jcb,897468226,Savings,2552625621,256,5
POL48723274,Term Life,S100,Standard,Lapsed,Joint,Quarterly,693.56,Y,2040-09-13,26,English,4804401804944,visa,290743941,Savings,1968184731,257,9
POL96312364,Whole Life,S200,Standard,Active,Individual,Annual,281.46,N,2040-09-14,17,Spanish,5443359295426492,mastercard,579891060,Checking,0046912600,258,13
POL12362781,Term Life,S200,Select,Paid Up,Individual,Monthly,427.24,Y,2040-09-15,25,Spanish,3554300717537243,jcb,625047216,Savings,1795454933,259,13
POL15700725,Whole Life,S100,Preferred,Lapsed,Joint,Annual,195.84,N,2040-09-16,18,Mandarin,5020662520241607,maestro,161982695,Checking,0150945627,260,14
POL84581069,Whole Life,S100,Standard,Active,Individual,Annual,715.24,Y,2040-09-17,27,English,4175008764882308,Amex,955324385,Checking,5141751657,261,13
POL10576583,Term Life,S200,Preferred,Paid Up,Individual,Monthly,631.48,N,2040-09-18,29,Spanish,3557820126661273,jcb,842638925,Checking,3327320154,262,9
POL78838263,Term Life,S300,Select,Paid Up,Individual,Quarterly,390.48,Y,2040-09-19,30,Spanish,4936534273591643,switch,948818755,Savings,5405110607,263,13
POL53659127,Whole Life,S200,Select,Lapsed,Individual,Quarterly,621.76,N,2040-09-20,25,Mandarin,4782000786110,visa,282360125,Checking,6990371210,264,9
POL31829439,Term Life,S300,Select,Lapsed,Individual,Monthly,816.49,Y,2040-09-21,22,English,3532543911289247,jcb,692831498,Checking,3064916622,265,12
POL88034488,Term Life,S200,Select,Active,Joint,Monthly,519.65,N,2040-09-22,13,Mandarin,30450173533655,Amex,635799319,Savings,5012463363,266,4
POL53132285,Term Life,S300,Standard,Paid Up,Individual,Annual,835.53,Y,2040-09-23,21,Spanish,4175004885195993,Amex,187016193,Savings,5356187344,267,10
POL17039909,Whole Life,S300,Preferred,Active,Joint,Monthly,479.63,N,2040-09-24,15,Spanish,3531632525902294,jcb,172253672,Savings,2807881695,268,1
POL38491265,Universal Life,S300,Select,Paid Up,Joint,Annual,117.81,Y,2040-09-25,24,Spanish,201839787529716,Amex,938188508,Savings,7210128459,269,4
POL25681898,Term Life,S300,Standard,Active,Joint,Annual,461.85,N,2040-09-26,16,English,67611647649088596,maestro,418061839,Checking,6888111478,270,9
POL85114640,Universal Life,S100,Standard,Lapsed,Individual,Quarterly,375.59,Y,2040-09-27,29,English,374318493255370,Amex,100245834,Savings,3107258840,271,5
POL14640906,Whole Life,S300,Preferred,Paid Up,Joint,Annual,410.72,N,2040-09-28,18,Mandarin,201572792264900,Amex,368527818,Checking,7596522859,272,7
POL42240876,Universal Life,S200,Preferred,Active,Joint,Quarterly,618.52,Y,2040-09-29,24,Mandarin,3541342825173582,jcb,392470310,Checking,0930423440,273,10
POL23995099,Universal Life,S300,Preferred,Active,Joint,Monthly,684.78,N,2040-09-30,23,Mandarin,3532552733108139,jcb,533034517,Savings,2848117914,274,9
POL83816935,Universal Life,S300,Select,Active,Individual,Quarterly,780.05,Y,2040-10-01,10,Spanish,3563307043343435,jcb,987871804,Checking,2319524664,275,2
POL51307187,Term Life,S300,Select,Lapsed,Joint,Monthly,730.56,N,2040-10-02,15,Spanish,6394339220378288,Amex,753746766,Checking,6466849712,276,13
POL97452781,Term Life,S200,Preferred,Active,Individual,Annual,207.44,Y,2040-10-03,29,Mandarin,201701615671849,Amex,667295422,Checking,8427103424,277,13
POL52597138,Universal Life,S300,Preferred,Lapsed,Joint,Annual,120.67,N,2040-10-04,12,Spanish,3580359477628582,jcb,551723649,Checking,6921648970,278,10
POL91029605,Whole Life,S300,Preferred,Lapsed,Individual,Quarterly,499.13,Y,2040-10-05,29,Spanish,5002350334546088,mastercard,515848921,Savings,4765754029,279,11
POL68963326,Whole Life,S300,Select,Paid Up,Individual,Monthly,657.11,N,2040-10-06,16,English,3585649343912805,jcb,979570719,Savings,8306944437,280,3
POL84366090,Whole Life,S100,Preferred,Paid Up,Individual,Annual,71.13,Y,2040-10-07,17,Spanish,6371129143425341,Amex,994548660,Checking,8434709498,281,9
POL76689392,Term Life,S200,Preferred,Active,Individual,Annual,602.44,N,2040-10-08,19,English,5602236054246617,bankcard,768479551,Savings,9028950553,282,8
POL64702595,Term Life,S300,Preferred,Active,Individual,Monthly,548.1,Y,2040-10-09,18,Mandarin,5100132890217572,mastercard,248984987,Savings,5288023568,283,2
POL74064249,Term Life,S200,Preferred,Paid Up,Individual,Annual,290.63,N,2040-10-10,16,English,4911217680226081,switch,160849240,Savings,7263680051,284,10
POL43611043,Universal Life,S300,Standard,Paid Up,Individual,Quarterly,97.63,Y,2040-10-11,29,Mandarin,5237693382799142,mastercard,057575568,Savings,1515351188,285,13
POL04811991,Whole Life,S100,Standard,Paid Up,Individual,Annual,645.32,N,2040-10-12,18,English,3589478396183189,jcb,623126510,Savings,5087263322,286,11
POL07595078,Universal Life,S100,Standard,Lapsed,Joint,Annual,381.33,Y,2040-10-13,17,Spanish,3561668478986283,jcb,487675920,Savings,0779067365,287,7
POL10382960,Universal Life,S200,Preferred,Lapsed,Individual,Quarterly,423.84,N,2040-10-14,20,Mandarin,30535524082137,Amex,245211823,Savings,0666139727,288,7
POL01881851,Whole Life,S100,Preferred,Paid Up,Joint,Quarterly,259.3,Y,2040-10-15,30,Spanish,3542849664928644,jcb,436411357,Savings,7860509711,289,11
POL77323498,Universal Life,S300,Preferred,Paid Up,Joint,Annual,709.72,N,2040-10-16,18,English,374283466657368,Amex,870508436,Checking,7580862096,290,2
POL25765213,Term Life,S300,Preferred,Active,Individual,Monthly,528.11,Y,2040-10-17,21,Mandarin,56105259043920733,Amex,000801176,Checking,9140950538,291,14
POL62196223,Universal Life,S300,Standard,Lapsed,Joint,Monthly,444.04,N,2040-10-18,15,Spanish,6763445592449831797,maestro,145169082,Checking,6262844573,292,14
POL06180427,Whole Life,S300,Preferred,Paid Up,Joint,Monthly,521.88,Y,2040-10-19,29,Mandarin,3586583500360715,jcb,441173179,Savings,2242948366,293,11
POL89851013,Whole Life,S200,Standard,Lapsed,Individual,Monthly,809.21,N,2040-10-20,26,Mandarin,560223295201310059,Amex,816190038,Savings,9122353773,294,10
POL20850219,Term Life,S200,Standard,Active,Joint,Monthly,798.48,Y,2040-10-21,23,Spanish,6709227416240406,laser,292683068,Checking,5678626068,295,14
POL35048505,Universal Life,S200,Preferred,Lapsed,Individual,Annual,851.36,N,2040-10-22,28,Mandarin,3546103656655377,jcb,739773915,Savings,5098422559,296,8
POL01745765,Whole Life,S100,Standard,Paid Up,Individual,Annual,877.88,Y,2040-10-23,27,English,3558816929806239,jcb,498465834,Checking,8941972308,297,5
POL17189921,Universal Life,S300,Select,Active,Joint,Monthly,875.72,N,2040-10-24,28,Mandarin,5393367853803812,mastercard,056306170,Savings,0401150616,298,3
POL98880100,Term Life,S100,Preferred,Lapsed,Individual,Annual,660.02,Y,2040-10-25,10,Mandarin,5412648612713872,mastercard,365758647,Savings,2286085630,299,10
POL45335872,Whole Life,S200,Standard,Active,Individual,Annual,318.89,N,2040-10-26,13,English,337941699540075,Amex,758656366,Savings,8590449734,300,1
POL97774699,Universal Life,S200,Standard,Lapsed,Joint,Annual,534.33,Y,2040-10-27,30,Spanish,67638056517214053,maestro,658859760,Checking,6788862826,301,8
POL15831601,Whole Life,S100,Preferred,Active,Individual,Quarterly,690.8,N,2040-10-28,16,Spanish,3549514574699494,jcb,797440209,Checking,5024744012,302,5
POL15954223,Whole Life,S100,Standard,Lapsed,Individual,Monthly,378.94,Y,2040-10-29,26,English,5100305321124266,mastercard,528534223,Savings,0213798063,303,12
POL83814044,Term Life,S100,Standard,Active,Joint,Annual,56.09,N,2040-10-30,27,English,3559581744771682,jcb,823090132,Checking,9697633403,304,2
POL97349055,Universal Life,S200,Preferred,Lapsed,Individual,Monthly,788.94,Y,2040-10-31,24,Spanish,30410378291129,Amex,109827735,Savings,2352708474,305,6
POL83927666,Term Life,S100,Select,Active,Individual,Annual,713.25,N,2040-11-01,12,Mandarin,346882179242056,Amex,143499102,Savings,1920447463,306,8
POL35813322,Whole Life,S100,Standard,Active,Joint,Monthly,610.68,Y,2040-11-02,19,Spanish,4844770389965823,Amex,122240938,Savings,7963711699,307,1
POL25263806,Whole Life,S200,Preferred,Lapsed,Joint,Monthly,206.8,N,2040-11-03,22,Spanish,3536347992341406,jcb,774069055,Savings,4768733649,308,8
POL12157824,Universal Life,S200,Select,Lapsed,Individual,Quarterly,240.22,Y,2040-11-04,25,Spanish,3557105008110841,jcb,591393852,Savings,4491381287,309,11
POL67208403,Term Life,S200,Select,Active,Joint,Quarterly,237.99,N,2040-11-05,10,Mandarin,3531469154363617,jcb,855066782,Checking,1331728811,310,14
POL94371986,Term Life,S100,Preferred,Lapsed,Individual,Quarterly,469.79,Y,2040-11-06,30,English,3540976707324507,jcb,791686446,Savings,9591439424,311,5
POL45053639,Term Life,S100,Preferred,Lapsed,Joint,Quarterly,639.67,N,2040-11-07,13,Mandarin,3588216054332412,jcb,900589885,Savings,2623694725,312,10
POL36407214,Universal Life,S300,Select,Active,Joint,Monthly,845.22,Y,2040-11-08,10,Mandarin,5100178107881338,mastercard,161352921,Savings,5336452596,313,6
POL12759133,Term Life,S200,Preferred,Paid Up,Joint,Monthly,718.34,N,2040-11-09,26,Spanish,6759209371194470,maestro,801147628,Checking,2532142698,314,12
POL90428295,Term Life,S200,Preferred,Paid Up,Joint,Monthly,863.0,Y,2040-11-10,14,English,201856611790314,Amex,263918210,Checking,8579082512,315,9
POL31696389,Universal Life,S100,Standard,Paid Up,Joint,Monthly,96.49,N,2040-11-11,20,Spanish,3574342198258184,jcb,669350601,Checking,5310334004,316,9
POL82770149,Universal Life,S200,Standard,Paid Up,Individual,Quarterly,111.47,Y,2040-11-12,12,English,5602258966993615,bankcard,516795753,Checking,5266365296,317,9
POL86632370,Whole Life,S200,Preferred,Lapsed,Individual,Annual,839.85,N,2040-11-13,22,Mandarin,490550213950338109,switch,092115962,Checking,8574073534,318,1
POL58959881,Whole Life,S200,Select,Active,Individual,Quarterly,569.56,Y,2040-11-14,12,Mandarin,6771267016310192004,laser,366476080,Checking,2698061249,319,6
POL85855582,Whole Life,S300,Preferred,Paid Up,Individual,Monthly,693.9,N,2040-11-15,27,Mandarin,3548091749184315,jcb,063787411,Savings,8271784703,320,15
POL97529099,Whole Life,S300,Preferred,Active,Joint,Annual,881.37,Y,2040-11-16,29,English,3577600579718085,jcb,654378086,Checking,2310559299,321,9
POL42195755,Term Life,S300,Preferred,Active,Joint,Annual,856.51,N,2040-11-17,19,Mandarin,3568747843260674,jcb,391870020,Checking,0768155689,322,13
POL54862897,Term Life,S300,Standard,Paid Up,Joint,Monthly,410.5,Y,2040-11-18,27,Mandarin,5602243678419356,bankcard,953481402,Checking,9366803449,323,2
POL09424888,Universal Life,S300,Select,Lapsed,Individual,Quarterly,528.38,N,2040-11-19,11,Spanish,5010125736283161,mastercard,401026167,Savings,9057337099,324,4
POL24421073,Universal Life,S300,Standard,Lapsed,Individual,Annual,565.28,Y,2040-11-20,27,Spanish,201411698006836,Amex,379625684,Savings,6246173808,325,15
POL59252180,Whole Life,S300,Preferred,Lapsed,Individual,Quarterly,819.74,N,2040-11-21,21,Mandarin,3585100411052504,jcb,971370678,Checking,9421425235,326,4
POL85856713,Universal Life,S100,Select,Paid Up,Individual,Monthly,316.41,Y,2040-11-22,29,Spanish,5100173587801955,mastercard,563738431,Savings,4358849481,327,11
POL38778932,Term Life,S100,Standard,Paid Up,Individual,Monthly,362.6,N,2040-11-23,25,Spanish,4905902525649435,switch,027145145,Checking,0739676238,328,11
POL24508956,Whole Life,S100,Standard,Lapsed,Individual,Quarterly,690.89,Y,2040-11-24,19,Mandarin,3561668267515798,jcb,834637657,Savings,8739904651,329,12
POL50836028,Whole Life,S300,Standard,Paid Up,Individual,Annual,858.12,N,2040-11-25,21,Spanish,3566413193146193,jcb,300260128,Checking,3142296000,330,3
POL92332680,Universal Life,S200,Select,Active,Individual,Annual,333.77,Y,2040-11-26,10,English,6390408250703386,Amex,853958751,Checking,1482062050,331,12
POL73258863,Whole Life,S200,Standard,Active,Joint,Annual,145.36,N,2040-11-27,13,English,5549734437575401,Amex,748817347,Savings,4947165830,332,4
POL29011818,Whole Life,S200,Preferred,Active,Individual,Quarterly,170.66,Y,2040-11-28,29,English,5602249014149169,bankcard,635282011,Checking,4392693363,333,3
POL87251753,Whole Life,S200,Standard,Lapsed,Individual,Monthly,603.99,N,2040-11-29,19,English,501859806912523148,maestro,613125320,Checking,2209275400,334,13
POL05090135,Term Life,S200,Select,Lapsed,Joint,Monthly,754.01,Y,2040-11-30,22,Spanish,36994057337430,Amex,123802501,Checking,6682565457,335,13
POL41791033,Term Life,S100,Standard,Active,Joint,Annual,164.48,N,2040-12-01,27,Spanish,4667478244157,visa,276164699,Checking,6644900783,336,14
POL88416163,Term Life,S100,Preferred,Lapsed,Individual,Monthly,551.39,Y,2040-12-02,17,English,3580843102971988,jcb,992936072,Checking,8187790756,337,4
POL49303853,Whole Life,S300,Standard,Paid Up,Joint,Annual,843.73,N,2040-12-03,27,English,5450968373588153,Amex,054256450,Savings,9225840292,338,10
POL23330641,Term Life,S200,Select,Active,Individual,Monthly,435.56,Y,2040-12-04,24,English,6304957427106885989,laser,871182113,Checking,7490408583,339,7
POL90239132,Whole Life,S200,Select,Paid Up,Joint,Quarterly,695.87,N,2040-12-05,19,Spanish,4508076438431040,Amex,253943542,Checking,3335506990,340,12
POL63767095,Term Life,S200,Select,Paid Up,Joint,Quarterly,341.36,Y,2040-12-06,27,English,5100149698370627,mastercard,388693625,Checking,9086819080,341,9
POL98807179,Term Life,S100,Standard,Paid Up,Individual,Monthly,586.56,N,2040-12-07,21,Mandarin,4017953542479,visa,446908255,Checking,8389103020,342,4
POL82562710,Universal Life,S200,Select,Active,Joint,Annual,594.38,Y,2040-12-08,30,English,3545154768589773,jcb,098790075,Savings,8121955076,343,13
POL82589074,Whole Life,S300,Preferred,Active,Individual,Monthly,185.94,N,2040-12-09,11,English,3563380998677065,jcb,022984816,Savings,1602124601,344,12
POL84282720,Universal Life,S300,Select,Active,Individual,Monthly,161.83,Y,2040-12-10,26,English,5610780897875828853,Amex,387566109,Checking,8803227052,345,9
POL28870859,Universal Life,S100,Select,Lapsed,Joint,Monthly,447.06,N,2040-12-11,18,English,676182990926824268,maestro,191567670,Checking,6125920694,346,13
POL44277768,Universal Life,S100,Standard,Active,Individual,Monthly,391.11,Y,2040-12-12,12,Mandarin,5602219385191025,Amex,312178029,Savings,8157755502,347,13
POL83793587,Term Life,S100,Select,Lapsed,Individual,Monthly,166.25,N,2040-12-13,19,Spanish,3566941932294817,jcb,863950413,Checking,7966364214,348,13
POL91540277,Whole Life,S300,Preferred,Active,Individual,Quarterly,473.99,Y,2040-12-14,30,Mandarin,3566901026932102,jcb,641639039,Savings,5222679014,349,13
POL35954354,Whole Life,S200,Standard,Active,Individual,Annual,826.89,N,2040-12-15,11,Mandarin,50208840583946847,maestro,212081202,Checking,2063785903,350,14
POL25054898,Term Life,S300,Standard,Lapsed,Joint,Annual,463.54,Y,2040-12-16,14,Mandarin,30458592779718,Amex,548486488,Checking,1176123299,351,1
POL74452877,Term Life,S300,Select,Active,Joint,Annual,534.83,N,2040-12-17,20,Mandarin,3588855692274476,jcb,983578081,Checking,9306332824,352,4
POL50032347,Universal Life,S200,Preferred,Active,Individual,Monthly,739.45,Y,2040-12-18,29,Spanish,6759543201539235,switch,739878071,Savings,4189364016,353,12
POL93432831,Whole Life,S300,Preferred,Lapsed,Individual,Annual,129.53,N,2040-12-19,26,Spanish,30496909241154,Amex,385906121,Checking,8751819805,354,7
POL19378314,Whole Life,S200,Preferred,Active,Individual,Annual,414.33,Y,2040-12-20,16,English,6304102139800369632,maestro,799037045,Checking,1352460251,355,3
POL45679746,Whole Life,S300,Select,Active,Individual,Monthly,247.64,N,2040-12-21,28,English,5156266234315529,mastercard,354379056,Savings,2209781288,356,9
POL98222019,Whole Life,S100,Preferred,Lapsed,Joint,Annual,85.16,Y,2040-12-22,28,English,3553120945471374,jcb,064971291,Savings,2356024805,357,5
POL72509773,Whole Life,S100,Preferred,Paid Up,Joint,Quarterly,679.94,N,2040-12-23,20,Spanish,3539236370918348,jcb,193971511,Savings,8979222737,358,5
POL88299030,Whole Life,S300,Preferred,Lapsed,Individual,Annual,851.64,Y,2040-12-24,30,Spanish,349017885397053,Amex,778612627,Checking,7400108141,359,15
POL22106814,Term Life,S100,Select,Lapsed,Individual,Quarterly,363.13,N,2040-12-25,20,English,67591247353061212,maestro,058481045,Savings,8765099868,360,9
POL76619421,Universal Life,S100,Select,Paid Up,Individual,Quarterly,821.89,Y,2040-12-26,11,Spanish,06043429516510655,maestro,415901885,Checking,9962009261,361,3
POL92410874,Term Life,S200,Standard,Paid Up,Individual,Quarterly,75.76,N,2040-12-27,18,English,3551405573445689,jcb,064645198,Checking,0102800441,362,5
POL10065120,Universal Life,S300,Select,Paid Up,Individual,Quarterly,426.95,Y,2040-12-28,25,Spanish,3578993730973155,jcb,349953668,Checking,1676896248,363,3
POL65469951,Universal Life,S100,Select,Lapsed,Individual,Annual,817.14,N,2040-12-29,13,Spanish,3572214631549978,jcb,175375026,Savings,2272217244,364,11
POL10120271,Whole Life,S200,Select,Active,Joint,Monthly,786.52,Y,2040-12-30,19,Spanish,3548862204057190,jcb,957194639,Checking,1604062624,365,2
POL32483269,Term Life,S100,Preferred,Lapsed,Joint,Monthly,187.0,N,2040-12-31,19,Mandarin,3530045123027490,jcb,790189661,Savings,3997991328,366,6
POL48538473,Universal Life,S200,Select,Lapsed,Joint,Annual,693.42,Y,2041-01-01,11,Mandarin,50383528088401213,maestro,759055800,Checking,0033492322,367,7
POL82322056,Universal Life,S300,Standard,Lapsed,Individual,Quarterly,719.53,N,2041-01-02,12,Spanish,3531349056145439,jcb,220133930,Savings,8720169263,368,9
POL76343234,Universal Life,S100,Standard,Lapsed,Joint,Quarterly,244.98,Y,2041-01-03,30,Spanish,5602252462839911703,Amex,279406770,Savings,9881910852,369,4
POL07917710,Whole Life,S100,Preferred,Paid Up,Joint,Quarterly,891.92,N,2041-01-04,19,English,30351226934199,Amex,340803955,Savings,7197503900,370,14
POL60762408,Universal Life,S300,Standard,Paid Up,Joint,Quarterly,836.44,Y,2041-01-05,21,Mandarin,5589647574759235,mastercard,733795992,Savings,0231799866,371,6
POL27188582,Term Life,S200,Standard,Paid Up,Joint,Quarterly,330.83,N,2041-01-06,26,Spanish,3557400030784550,jcb,623268673,Checking,2704639302,372,9
POL23153711,Term Life,S200,Preferred,Active,Individual,Monthly,78.9,Y,2041-01-07,19,Mandarin,3537643922926491,jcb,605747003,Savings,3524235144,373,9
POL36745214,Universal Life,S100,Preferred,Active,Individual,Quarterly,858.95,N,2041-01-08,29,Spanish,3572965300462112,jcb,568306185,Checking,1638544285,374,11
POL63088127,Universal Life,S300,Standard,Lapsed,Joint,Annual,335.65,Y,2041-01-09,28,English,3589391869646949,jcb,665485073,Savings,3779410328,375,8
POL04198159,Universal Life,S200,Select,Lapsed,Individual,Quarterly,125.39,N,2041-01-10,10,Spanish,5010120399049538,mastercard,558020956,Savings,3868037729,376,2
POL11362649,Term Life,S300,Select,Active,Joint,Quarterly,788.55,Y,2041-01-11,18,English,4175003968963491,Amex,419460601,Savings,6240164874,377,8
POL35552583,Term Life,S300,Standard,Paid Up,Joint,Quarterly,413.06,N,2041-01-12,17,English,3534748173652259,jcb,750326647,Savings,6669573172,378,10
POL61873026,Universal Life,S100,Select,Paid Up,Individual,Quarterly,218.14,Y,2041-01-13,19,Spanish,4508191357494133,Amex,171091112,Savings,5557283534,379,11
POL22493323,Term Life,S300,Standard,Active,Individual,Annual,314.06,N,2041-01-14,30,Spanish,3585127290022415,jcb,839447166,Savings,7446456775,380,13
POL90519492,Term Life,S100,Select,Active,Joint,Annual,526.21,Y,2041-01-15,19,Spanish,5610489695810875,bankcard,853440968,Checking,9291801574,381,9
POL59326494,Whole Life,S200,Standard,Paid Up,Individual,Monthly,364.59,N,2041-01-16,18,English,6771496112373802,laser,149451446,Checking,6700825770,382,1
POL14011590,Universal Life,S200,Preferred,Active,Joint,Annual,74.67,Y,2041-01-17,16,Mandarin,3566833622446908,jcb,278519061,Savings,1174609129,383,6
POL25561769,Term Life,S200,Select,Active,Individual,Quarterly,59.76,N,2041-01-18,15,English,3547465841550063,jcb,847709767,Checking,3096469253,384,13
POL60788627,Term Life,S200,Select,Lapsed,Individual,Monthly,743.98,Y,2041-01-19,28,Spanish,6761227712143895,maestro,763599433,Savings,5080690896,385,9
POL09038854,Universal Life,S200,Standard,Active,Joint,Quarterly,764.59,N,2041-01-20,17,English,5020749074287407344,maestro,539178335,Savings,9065403841,386,7
POL78113075,Universal Life,S100,Standard,Active,Individual,Monthly,666.58,Y,2041-01-21,15,English,5038425474400656,maestro,981528672,Checking,9375084591,387,5
POL21645546,Universal Life,S100,Select,Active,Joint,Annual,740.44,N,2041-01-22,24,English,3576789701015824,jcb,724563606,Checking,8070989227,388,5
POL15729456,Term Life,S200,Standard,Paid Up,Joint,Quarterly,763.19,Y,2041-01-23,22,Mandarin,4041595677074215,visa,596179163,Savings,9956580712,389,9
POL39194968,Whole Life,S300,Standard,Paid Up,Individual,Quarterly,761.02,N,2041-01-24,15,Spanish,3547531204363970,jcb,633349844,Checking,3715686554,390,6
POL68129840,Term Life,S200,Select,Active,Joint,Quarterly,264.01,Y,2041-01-25,25,English,501823318505453124,maestro,596224967,Checking,5021907409,391,2
POL37207100,Whole Life,S100,Standard,Paid Up,Joint,Annual,190.73,N,2041-01-26,23,English,6761724412602637673,maestro,933808653,Checking,0235200897,392,7
POL90835867,Universal Life,S100,Select,Lapsed,Individual,Annual,123.09,Y,2041-01-27,12,Spanish,3547453013319434,jcb,771270884,Checking,8459845576,393,6
POL35817843,Universal Life,S300,Standard,Paid Up,Individual,Monthly,69.97,N,2041-01-28,16,Spanish,3542909040860380,jcb,005340238,Checking,3496600927,394,13
POL69760203,Term Life,S200,Standard,Paid Up,Joint,Quarterly,412.23,Y,2041-01-29,30,Mandarin,67061603426435224,laser,424199610,Savings,8698208733,395,6
POL69611142,Universal Life,S300,Select,Lapsed,Joint,Monthly,872.88,N,2041-01-30,28,Mandarin,201623097446401,Amex,993771365,Checking,3172875794,396,14
POL93175193,Whole Life,S200,Select,Active,Individual,Annual,386.05,Y,2041-01-31,16,English,6333187006902268276,switch,758097508,Savings,6900830030,397,1
POL73967100,Universal Life,S200,Select,Lapsed,Joint,Quarterly,99.99,N,2041-02-01,28,Mandarin,3581590383761252,jcb,488418601,Savings,6123444707,398,12
POL22971235,Term Life,S300,Preferred,Lapsed,Individual,Monthly,162.3,Y,2041-02-02,13,English,5048377081833191,mastercard,295161880,Checking,9107811993,399,12
POL06700019,Term Life,S300,Select,Paid Up,Joint,Annual,112.68,N,2041-02-03,30,English,201980292732690,Amex,209744517,Savings,2052492804,400,6
POL31328067,Universal Life,S300,Standard,Lapsed,Joint,Quarterly,258.35,Y,2041-02-04,27,English,633327284477966539,switch,184621407,Savings,4833444063,401,13
POL79794432,Whole Life,S300,Select,Paid Up,Individual,Annual,341.65,N,2041-02-05,25,Mandarin,372301876686249,Amex,871191791,Savings,3421075590,402,13
POL84848689,Whole Life,S200,Standard,Active,Individual,Annual,656.41,Y,2041-02-06,10,Mandarin,4175001134309292,Amex,622755498,Checking,1732314592,403,6
POL88249894,Whole Life,S300,Standard,Paid Up,Individual,Monthly,178.5,N,2041-02-07,13,Mandarin,3587676759602180,jcb,849492290,Savings,5131528027,404,13
POL30459657,Whole Life,S200,Preferred,Lapsed,Individual,Annual,866.41,Y,2041-02-08,15,Spanish,4911991021641461091,switch,363946910,Checking,3569984790,405,4
POL41080614,Universal Life,S100,Standard,Lapsed,Joint,Quarterly,693.62,N,2041-02-09,18,English,5407764131691452,Amex,534214188,Savings,6284332058,406,15
POL03178996,Term Life,S300,Select,Active,Individual,Quarterly,212.38,Y,2041-02-10,29,Spanish,5641823116971365130,switch,753000530,Savings,9819985767,407,15
POL80312116,Universal Life,S200,Preferred,Active,Joint,Monthly,624.72,N,2041-02-11,13,Spanish,3537100598816191,jcb,140602295,Checking,6208024240,408,10
POL69691305,Term Life,S200,Standard,Paid Up,Individual,Quarterly,89.36,Y,2041-02-12,16,Mandarin,4905202293569331,switch,638955048,Checking,1448611433,409,11
POL41904167,Universal Life,S300,Select,Active,Individual,Monthly,94.84,N,2041-02-13,18,English,6304026037363889,laser,871226772,Checking,7179597700,410,14
POL30585312,Whole Life,S200,Standard,Active,Individual,Monthly,200.67,Y,2041-02-14,16,Spanish,3589919400821520,jcb,563986747,Checking,4069851539,411,7
POL35102325,Whole Life,S300,Preferred,Paid Up,Joint,Monthly,430.94,N,2041-02-15,19,Spanish,36440816836155,Amex,493878564,Savings,9389149580,412,8
POL85813827,Whole Life,S100,Select,Paid Up,Joint,Annual,627.38,Y,2041-02-16,30,Spanish,4508469056328327,Amex,603975187,Savings,5845598327,413,1
POL72488558,Term Life,S100,Standard,Active,Joint,Annual,869.41,N,2041-02-17,29,English,3530512805550966,jcb,363022894,Savings,2931946776,414,10
POL09473936,Universal Life,S300,Preferred,Active,Joint,Annual,460.6,Y,2041-02-18,18,English,3561967932506202,jcb,242929810,Checking,8948370251,415,5
POL70016800,Universal Life,S100,Standard,Lapsed,Individual,Monthly,522.07,N,2041-02-19,19,Spanish,6376678950811592,Amex,143465985,Savings,3670511501,416,13
POL50503289,Universal Life,S200,Standard,Paid Up,Individual,Quarterly,428.15,Y,2041-02-20,23,Spanish,371926219507081,Amex,634354234,Checking,8451089016,417,8
POL10535089,Whole Life,S300,Preferred,Lapsed,Individual,Annual,809.41,N,2041-02-21,13,Spanish,490345220777045718,switch,580304469,Savings,4113486908,418,7
POL79211375,Whole Life,S100,Preferred,Active,Joint,Quarterly,299.65,Y,2041-02-22,30,Spanish,3552498021875705,jcb,632426868,Checking,8207678242,419,11
POL21552046,Term Life,S100,Preferred,Active,Joint,Annual,177.81,N,2041-02-23,20,English,3560198862937362,jcb,493412071,Checking,4417136751,420,8
POL86533874,Universal Life,S200,Preferred,Lapsed,Individual,Quarterly,724.1,Y,2041-02-24,24,Mandarin,4936185234049034252,switch,838421465,Checking,0937539692,421,4
POL01826041,Term Life,S300,Select,Active,Joint,Quarterly,199.2,N,2041-02-25,21,English,3540841406996106,jcb,014809415,Savings,5087471473,422,7
POL55074980,Whole Life,S200,Select,Active,Individual,Annual,488.19,Y,2041-02-26,14,Spanish,201608976643897,Amex,746703281,Savings,6574786631,423,5
POL73524484,Universal Life,S100,Standard,Active,Individual,Annual,898.4,N,2041-02-27,13,Spanish,372301060923051,Amex,284090291,Checking,1340491932,424,8
POL88464064,Universal Life,S300,Select,Active,Joint,Monthly,838.39,Y,2041-02-28,24,Mandarin,4026306567004174,Amex,609793250,Savings,7007403754,425,9
POL61046377,Universal Life,S100,Select,Lapsed,Joint,Annual,63.56,N,2041-03-01,13,Mandarin,6759515309346960,switch,131251988,Checking,9777022420,426,6
POL25093680,Whole Life,S100,Standard,Active,Individual,Monthly,837.93,Y,2041-03-02,23,English,3575013526545738,jcb,980909026,Checking,3266593437,427,12
POL23549548,Whole Life,S300,Preferred,Paid Up,Joint,Monthly,764.18,N,2041-03-03,30,English,30070899154667,Amex,354116535,Savings,7747118192,428,4
POL02894684,Universal Life,S200,Preferred,Paid Up,Individual,Annual,624.03,Y,2041-03-04,25,Spanish,3588315322492873,jcb,794996721,Savings,3227105027,429,12
POL95140713,Term Life,S200,Select,Paid Up,Individual,Quarterly,473.81,N,2041-03-05,24,Spanish,3560112911077542,jcb,568596618,Savings,9200828804,430,9
POL53418410,Term Life,S200,Standard,Lapsed,Individual,Annual,531.23,Y,2041-03-06,20,English,3533381880484989,jcb,040527343,Checking,5903768434,431,7
POL85026539,Whole Life,S200,Preferred,Active,Individual,Monthly,887.94,N,2041-03-07,15,English,3554046474056634,jcb,819818207,Checking,5253659430,432,12
POL62332856,Term Life,S300,Standard,Lapsed,Individual,Monthly,727.32,Y,2041-03-08,11,Mandarin,3563346475898037,jcb,436364073,Savings,2534489373,433,7
POL52855172,Universal Life,S100,Select,Active,Joint,Quarterly,103.41,N,2041-03-09,19,Mandarin,3569090702168889,jcb,656385177,Checking,1611171255,434,8
POL23579195,Universal Life,S200,Preferred,Paid Up,Individual,Quarterly,605.59,Y,2041-03-10,20,English,5610766602900992,Amex,692965746,Checking,0590095887,435,5
POL86533353,Universal Life,S200,Standard,Active,Individual,Monthly,670.77,N,2041-03-11,21,English,5198116141581558,mastercard,042100828,Savings,5570636283,436,4
POL83348247,Universal Life,S300,Standard,Lapsed,Individual,Quarterly,611.94,Y,2041-03-12,17,Spanish,3568705355826159,jcb,634356040,Checking,4086601294,437,4
POL88085173,Term Life,S100,Select,Paid Up,Joint,Monthly,251.7,N,2041-03-13,13,Mandarin,6382251450518059,Amex,918941166,Savings,8813812625,438,2
POL47238550,Universal Life,S100,Standard,Lapsed,Individual,Annual,851.16,Y,2041-03-14,20,English,490547909018689898,switch,009231442,Savings,1054325737,439,13
POL56415007,Term Life,S300,Standard,Lapsed,Individual,Annual,567.08,N,2041-03-15,16,English,3579998393915046,jcb,128647378,Checking,9683533265,440,3
POL92434141,Whole Life,S100,Standard,Active,Individual,Annual,245.34,Y,2041-03-16,15,English,5048379815496378,mastercard,367334166,Checking,1590651928,441,9
POL01396335,Term Life,S300,Preferred,Active,Individual,Quarterly,693.87,N,2041-03-17,26,Spanish,3529856372719998,jcb,832647673,Checking,2319410041,442,11
POL90850988,Term Life,S300,Select,Active,Joint,Annual,776.71,Y,2041-03-18,30,Spanish,3576380136939554,jcb,464078923,Savings,5311526334,443,7
POL52748817,Term Life,S300,Select,Active,Joint,Annual,380.63,N,2041-03-19,20,Mandarin,30365231665622,Amex,734532390,Savings,7339023262,444,13
POL77429380,Whole Life,S100,Standard,Lapsed,Individual,Quarterly,639.57,Y,2041-03-20,11,Mandarin,5108757974629250,mastercard,596370219,Checking,7139271034,445,11
POL65290536,Universal Life,S100,Standard,Paid Up,Individual,Monthly,249.62,N,2041-03-21,17,Spanish,3559628540997589,jcb,686650233,Savings,9418174522,446,4
POL12705577,Universal Life,S100,Standard,Paid Up,Individual,Monthly,564.7,Y,2041-03-22,23,Spanish,4913680765658999,Amex,213612582,Savings,6678107544,447,12
POL24912553,Term Life,S300,Select,Paid Up,Joint,Monthly,55.03,N,2041-03-23,13,English,3545747504806623,jcb,154004425,Savings,3926459558,448,9
POL20007413,Universal Life,S300,Standard,Active,Individual,Monthly,144.41,Y,2041-03-24,13,English,501888622100355036,maestro,387171676,Savings,8976423777,449,3
POL25471553,Term Life,S100,Select,Active,Individual,Quarterly,797.96,N,2041-03-25,30,Mandarin,3583032127780056,jcb,266922329,Savings,8932712604,450,3
POL56333258,Whole Life,S200,Preferred,Active,Joint,Monthly,52.04,Y,2041-03-26,15,English,6333475267884950445,switch,486606588,Checking,0627565999,451,15
POL42004445,Whole Life,S100,Select,Paid Up,Joint,Quarterly,76.04,N,2041-03-27,10,Spanish,6304843392819424,maestro,393794137,Savings,1986991251,452,14
POL43411028,Whole Life,S200,Preferred,Lapsed,Joint,Monthly,134.77,Y,2041-03-28,28,Spanish,5341784901094934,mastercard,326704033,Checking,7998071618,453,12
POL70652109,Term Life,S200,Preferred,Lapsed,Joint,Quarterly,231.59,N,2041-03-29,16,English,5100147784775758,mastercard,063874429,Checking,6335648009,454,11
POL90202124,Whole Life,S300,Standard,Active,Individual,Annual,897.14,Y,2041-03-30,10,Spanish,3556429978836024,jcb,354767188,Savings,3615915751,455,3
POL33788140,Whole Life,S200,Preferred,Lapsed,Individual,Quarterly,482.74,N,2041-03-31,28,Spanish,670973122321520889,laser,508689671,Savings,3248857321,456,13
POL50323958,Whole Life,S300,Preferred,Lapsed,Individual,Quarterly,305.22,Y,2041-04-01,24,Mandarin,3578438286872914,jcb,070082067,Checking,7966704506,457,7
POL64004414,Whole Life,S300,Select,Paid Up,Individual,Quarterly,316.02,N,2041-04-02,23,English,677124969178259372,laser,058542831,Savings,9747968319,458,12
POL14821101,Universal Life,S100,Standard,Active,Joint,Annual,131.38,Y,2041-04-03,22,Spanish,6371629351064484,Amex,458613867,Checking,9154622175,459,2
POL35519534,Universal Life,S200,Standard,Paid Up,Joint,Annual,152.43,N,2041-04-04,22,Spanish,3575110837335591,jcb,870066499,Checking,6045672379,460,3
POL08936550,Term Life,S300,Select,Paid Up,Joint,Monthly,314.66,Y,2041-04-05,27,Mandarin,50386818625504364,maestro,287270621,Checking,2272970889,461,6
POL17366881,Term Life,S100,Standard,Active,Individual,Quarterly,344.46,N,2041-04-06,22,English,374622172531682,Amex,445821148,Checking,6741248947,462,9
POL40290837,Universal Life,S200,Standard,Lapsed,Individual,Monthly,735.59,Y,2041-04-07,10,English,3576663838844226,jcb,631627144,Checking,4302725802,463,3
POL23370524,Whole Life,S100,Preferred,Paid Up,Joint,Monthly,497.45,N,2041-04-08,28,English,5436555377845835,mastercard,566106582,Savings,9751890241,464,7
POL58488461,Term Life,S100,Standard,Active,Individual,Annual,732.82,Y,2041-04-09,26,Mandarin,6380876508063617,Amex,282406021,Checking,0906480696,465,15
POL65474595,Universal Life,S300,Preferred,Lapsed,Individual,Quarterly,882.04,N,2041-04-10,10,English,3546757830011409,jcb,263348447,Checking,6467983036,466,12
POL28354865,Whole Life,S100,Standard,Paid Up,Individual,Annual,415.59,Y,2041-04-11,17,Spanish,3589277299958477,jcb,293125991,Checking,0058876648,467,11
POL47781496,Term Life,S200,Select,Active,Individual,Quarterly,667.01,N,2041-04-12,18,Spanish,3563598255097376,jcb,492501276,Checking,6626556135,468,9
POL54335244,Universal Life,S300,Standard,Active,Individual,Monthly,875.47,Y,2041-04-13,11,Spanish,67592925436264171,maestro,602430850,Savings,6402926867,469,9
POL82761603,Whole Life,S300,Select,Active,Individual,Annual,161.1,N,2041-04-14,14,Spanish,3582732047768401,jcb,495221069,Checking,9265943843,470,5
POL52092579,Universal Life,S300,Standard,Lapsed,Joint,Annual,454.82,Y,2041-04-15,14,Spanish,5520268198376892,mastercard,828048179,Checking,9950123459,471,10
POL06034352,Universal Life,S100,Standard,Lapsed,Joint,Monthly,75.77,N,2041-04-16,29,English,4026870470831288,Amex,686636255,Checking,4942702547,472,7
POL71412265,Term Life,S200,Preferred,Active,Joint,Annual,184.33,Y,2041-04-17,20,Spanish,3563047710700190,jcb,340931753,Savings,0455009579,473,8
POL69387743,Whole Life,S300,Preferred,Lapsed,Individual,Monthly,514.88,N,2041-04-18,28,Mandarin,5610021493805441,bankcard,018776455,Savings,3590332063,474,7
POL00390956,Universal Life,S200,Standard,Active,Joint,Quarterly,528.2,Y,2041-04-19,26,Spanish,3537019825687425,jcb,818108787,Savings,5521008241,475,11
POL13601037,Universal Life,S100,Standard,Active,Individual,Annual,239.9,N,2041-04-20,12,English,6391113139994185,Amex,862606021,Savings,1109381025,476,4
POL77000982,Universal Life,S300,Select,Paid Up,Joint,Monthly,637.8,Y,2041-04-21,15,Mandarin,5602227170536700,bankcard,385232490,Savings,8469772431,477,4
POL58353612,Term Life,S300,Select,Lapsed,Joint,Annual,53.86,N,2041-04-22,14,Mandarin,3580599243967844,jcb,647148304,Savings,1964280225,478,2
POL49363002,Whole Life,S200,Preferred,Lapsed,Joint,Quarterly,120.98,Y,2041-04-23,26,English,3573830492650339,jcb,924073587,Savings,2659169394,479,14
POL67993541,Whole Life,S100,Select,Paid Up,Individual,Monthly,728.31,N,2041-04-24,30,Spanish,3533973646940310,jcb,606274146,Checking,1619759291,480,15
POL42144138,Term Life,S200,Preferred,Active,Joint,Annual,326.56,Y,2041-04-25,13,Mandarin,3561156358947419,jcb,647873231,Checking,3502886258,481,12
POL15042974,Universal Life,S100,Preferred,Lapsed,Joint,Quarterly,71.7,N,2041-04-26,30,Mandarin,6771417097956284676,laser,607973265,Savings,7184382259,482,11
POL79461206,Term Life,S200,Select,Lapsed,Individual,Annual,896.31,Y,2041-04-27,23,Spanish,3582115405333580,jcb,832219675,Savings,6946211909,483,12
POL40898662,Whole Life,S300,Select,Lapsed,Joint,Quarterly,511.95,N,2041-04-28,25,Spanish,5108753145067736,mastercard,652518700,Checking,9327084578,484,9
POL82204060,Universal Life,S100,Preferred,Paid Up,Joint,Monthly,183.65,Y,2041-04-29,27,English,3547565867944726,jcb,683070306,Checking,3640192106,485,9
POL57286964,Universal Life,S300,Select,Lapsed,Individual,Annual,314.13,N,2041-04-30,20,Spanish,3564440207971110,jcb,647108827,Checking,5216488945,486,3
POL47689952,Universal Life,S100,Preferred,Active,Individual,Monthly,134.57,Y,2041-05-01,17,Spanish,3585561746221041,jcb,677488336,Savings,8830221478,487,2
POL23909531,Whole Life,S100,Preferred,Lapsed,Joint,Monthly,207.81,N,2041-05-02,16,Mandarin,3584491705653748,jcb,958305773,Checking,3462039658,488,1
POL85057271,Universal Life,S300,Standard,Paid Up,Joint,Quarterly,363.64,Y,2041-05-03,24,Spanish,5473336627581023,Amex,199540130,Savings,8548212828,489,8
POL11996499,Whole Life,S200,Preferred,Lapsed,Individual,Annual,211.95,N,2041-05-04,20,Mandarin,4917063707737062,Amex,591175254,Checking,9134982783,490,2
POL09900952,Universal Life,S300,Select,Active,Individual,Monthly,822.37,Y,2041-05-05,27,English,3551688756397955,jcb,070531782,Checking,4050874018,491,4
POL37067676,Term Life,S100,Select,Paid Up,Joint,Annual,630.11,N,2041-05-06,17,Mandarin,3541445330495240,jcb,404055692,Checking,3183335522,492,5
POL26872116,Term Life,S300,Standard,Lapsed,Individual,Monthly,230.01,Y,2041-05-07,25,English,3532859023011174,jcb,043671578,Checking,0774788199,493,15
POL11387947,Whole Life,S200,Preferred,Active,Individual,Monthly,858.39,N,2041-05-08,22,English,4680250153696588,visa,995024129,Checking,3857657750,494,5
POL03995085,Whole Life,S200,Preferred,Lapsed,Individual,Annual,617.89,Y,2041-05-09,11,English,3567549763405045,jcb,609939689,Savings,4003189676,495,10
POL66505730,Term Life,S300,Standard,Paid Up,Joint,Quarterly,823.92,N,2041-05-10,15,Spanish,4903258923263796,switch,991657383,Savings,6809318867,496,12
POL46651222,Universal Life,S200,Preferred,Active,Individual,Annual,798.46,Y,2041-05-11,30,Mandarin,676237718969487791,maestro,377819992,Checking,7630007296,497,5
POL44164067,Universal Life,S200,Preferred,Active,Individual,Quarterly,69.04,N,2041-05-12,27,Spanish,6763337908712052,maestro,027667978,Savings,0074290540,498,1
POL89759973,Term Life,S300,Standard,Lapsed,Joint,Quarterly,231.36,Y,2041-05-13,19,Mandarin,3537262303118980,jcb,091769644,Savings,5201704033,499,1
POL59542003,Whole Life,S300,Standard,Paid Up,Individual,Annual,233.39,N,2041-05-14,17,Spanish,3545084513073833,jcb,791005992,Savings,1352269324,500,5
