"Notes"	"Ten-Year Age Groups"	"Ten-Year Age Groups Code"	"Sex"	"Sex Code"	Deaths	Population	Crude Rate	Crude Rate Lower 95% Confidence Interval	Crude Rate Upper 95% Confidence Interval
	"< 1 year"	"1"	"Female"	"F"	63749	12650780	503.9	500.0	507.8
	"< 1 year"	"1"	"Male"	"M"	78889	13227348	596.4	592.2	600.6
"Total"	"< 1 year"	"1"			142638	25878128	551.2	548.3	554.1
	"1-4 years"	"1-4"	"Female"	"F"	11626	52451180	22.2	21.8	22.6
	"1-4 years"	"1-4"	"Male"	"M"	15283	54835107	27.9	27.4	28.3
"Total"	"1-4 years"	"1-4"			26909	107286287	25.1	24.8	25.4
	"5-14 years"	"5-14"	"Female"	"F"	17100	140636797	12.2	12.0	12.3
	"5-14 years"	"5-14"	"Male"	"M"	23629	147149182	16.1	15.9	16.3
"Total"	"5-14 years"	"5-14"			40729	287785979	14.2	14.0	14.3
	"15-24 years"	"15-24"	"Female"	"F"	62560	148797109	42.0	41.7	42.4
	"15-24 years"	"15-24"	"Male"	"M"	170384	155531532	109.5	109.0	110.1
"Total"	"15-24 years"	"15-24"			232944	304328641	76.5	76.2	76.9
	"25-34 years"	"25-34"	"Female"	"F"	140475	157865696	89.0	88.5	89.4
	"25-34 years"	"25-34"	"Male"	"M"	332952	162834830	204.5	203.8	205.2
"Total"	"25-34 years"	"25-34"			473427	320700526	147.6	147.2	148.0
	"35-44 years"	"35-44"	"Female"	"F"	244878	150380826	162.8	162.2	163.5
	"35-44 years"	"35-44"	"Male"	"M"	462288	151721534	304.7	303.8	305.6
"Total"	"35-44 years"	"35-44"			707166	302102360	234.1	233.5	234.6
	"45-54 years"	"45-54"	"Female"	"F"	466371	143527949	324.9	324.0	325.9
	"45-54 years"	"45-54"	"Male"	"M"	773865	141739003	546.0	544.8	547.2
"Total"	"45-54 years"	"45-54"			1240236	285266952	434.8	434.0	435.5
	"55-64 years"	"55-64"	"Female"	"F"	1099194	151587897	725.1	723.8	726.5
	"55-64 years"	"55-64"	"Male"	"M"	1721570	143941590	1196.0	1194.2	1197.8
"Total"	"55-64 years"	"55-64"			2820764	295529487	954.5	953.4	955.6
	"65-74 years"	"65-74"	"Female"	"F"	1871031	123166243	1519.1	1516.9	1521.3
	"65-74 years"	"65-74"	"Male"	"M"	2551756	108943711	2342.3	2339.4	2345.1
"Total"	"65-74 years"	"65-74"			4422787	232109954	1905.5	1903.7	1907.2
	"75-84 years"	"75-84"	"Female"	"F"	2633637	66610996	3953.8	3949.0	3958.5
	"75-84 years"	"75-84"	"Male"	"M"	2827367	52599327	5375.3	5369.0	5381.6
"Total"	"75-84 years"	"75-84"			5461004	119210323	4581.0	4577.1	4584.8
	"85+ years"	"85+"	"Female"	"F"	3898611	28625010	13619.6	13606.1	13633.1
	"85+ years"	"85+"	"Male"	"M"	2517535	16274618	15469.1	15450.0	15488.2
"Total"	"85+ years"	"85+"			6416146	44899628	14290.0	14278.9	14301.0
	"Not Stated"	"NS"	"Female"	"F"	199	Not Applicable	Not Applicable	Not Applicable	Not Applicable
	"Not Stated"	"NS"	"Male"	"M"	541	Not Applicable	Not Applicable	Not Applicable	Not Applicable
"Total"	"Not Stated"	"NS"			740	Not Applicable	Not Applicable	Not Applicable	Not Applicable
"Total"					21985490	2325098265	945.6	945.2	946.0
"---"
"Dataset: Underlying Cause of Death, 2018-2024, Single Race"
"Query Parameters:"
"Title: All-cause mortality by age and sex 2018-2024"
"Group By: Ten-Year Age Groups; Sex"
"Show Totals: True"
"Show Zero Values: False"
"Show Suppressed: False"
"Calculate Rates Per: 100,000"
"Rate Options: Default intercensal populations for years 2001-2009 (except Infant Age Groups)"
"---"
"Help: See http://wonder.cdc.gov/wonder/help/ucd-expanded.html for more information."
"---"
"Query Date: Jul 22, 2026 6:59:09 PM"
"---"
"Suggested Citation: Centers for Disease Control and Prevention, National Center for Health Statistics. National Vital Statistics"
"System, Mortality 2018-2024 on CDC WONDER Online Database, released in 2026. Data are from the Multiple Cause of Death Files,"
"2018-2024, as compiled from data provided by the 57 vital statistics jurisdictions through the Vital Statistics Cooperative"
"Program. Accessed at http://wonder.cdc.gov/ucd-icd10-expanded.html on Jul 22, 2026 6:59:09 PM"
"---"
Caveats:
"1. Deaths of persons with Age ""Not Stated"" are included in ""All"" counts and rates, but are not distributed among age groups,"
"so are not included in age-specific counts, age-specific rates or in any age-adjusted rates. More information:"
"http://wonder.cdc.gov/wonder/help/ucd-expanded.html#Not Stated."
"2. The method used to calculate 95% confidence intervals is documented here: More information:"
"http://wonder.cdc.gov/wonder/help/ucd-expanded.html#Confidence-Intervals."
"3. The population figures for year 2024 are single-race estimates of the July 1 resident population, from the Vintage 2024"
"postcensal series released by the Census Bureau on June 27, 2024. The 2024 series is based on the Modified Blended Base produced"
"by the US Census Bureau in lieu of the April 1, 2020 decennial population count. The Modified Blended Base consists of the blend"
"of Vintage 2020 postcensal population estimates for April 1, 2020, 2020 Demographic Analysis Estimates, and 2020 Census data"
"from the internal Census Edited File (CEF). The population figures for year 2023 are single-race estimates of the July 1"
"resident population, from the Vintage 2023 postcensal series released by the Census Bureau on June 27, 2024. The 2023 series is"
"based on the Modified Blended Base produced by the US Census Bureau in lieu of the April 1, 2020 decennial population count. The"
"Modified Blended Base consists of the blend of Vintage 2020 postcensal population estimates for April 1, 2020, 2020 Demographic"
"Analysis Estimates, and 2020 Census data from the internal Census Edited File (CEF). The population figures for years 2022 are"
"single-race estimates of the July 1 resident population, from the Vintage 2022 postcensal series released by the Census Bureau"
"on June 22, 2023. The 2022 series is based on the Modified Blended Base produced by the US Census Bureau in lieu of the April 1,"
"2020 decennial population count. The Modified Blended Base consists of the blend of Vintage 2020 postcensal population estimates"
"for April 1, 2020, 2020 Demographic Analysis Estimates, and 2020 Census data from the internal Census Edited File (CEF). The"
"population figures for years 2021 are single-race estimates of the July 1 resident population, based on the Blended Base"
"produced by the US Census Bureau in lieu of the April 1, 2020 decennial population count, from the Vintage 2021 postcensal"
"series released by the Census Bureau on June 30, 2022. The population figures for year 2020 are single-race estimates of the"
"July 1 resident population, from the Vintage 2020 postcensal series based on April 2010 Census, released by the Census Bureau on"
"July 27, 2021. The population figures for year 2019 are single-race estimates of the July 1 resident population, from the"
"Vintage 2019 postcensal series based on April 2010 Census, released by the Census Bureau on June 25, 2020. The population"
"figures for year 2018 are single-race estimates of the July 1 resident population, from the Vintage 2018 postcensal series based"
"on April 2010 Census, released by the Census Bureau on June 20, 2019. More information:"
"http://wonder.cdc.gov/wonder/help/ucd-expanded.html#Population Data."
"4. The population figures used in the calculation of death rates for the age group 'under 1 year' are the estimates of the"
"resident population that is under one year of age. More information: http://wonder.cdc.gov/wonder/help/ucd-expanded.html#Age"
"Group."
"5. Connecticut population estimates for 2022 and later years are reported for 9 planning regions as county equivalent areas,"
"instead of the former 8 legacy counties in the Vintage 2022 postcensal series released by the Census Bureau on June 22, 2023,"
"and in the Vintage 2023 postcensal series released by the Census Bureau on June 27, 2024. Populations estimates for the former"
"counties are not available for 2022 and later years. More information:"
"http://wonder.cdc.gov/wonder/help/ucd-expanded.html#Connecticut-2022."
"6. After the creation of the final 2023 dataset, North Carolina updated the cause of death information for over 900 death"
"certificates to include a cause of death code indicating drug overdose (ICD-10 underlying cause-of-death codes: X40-X44,"
"X60-X64, X85, and Y10-Y14). Jurisdictions can continue to update death certificates after the closing of the mortality file. As"
"a result, users should consider that the actual death count for drug overdose deaths for North Carolina in 2023 is over 4,400"
"deaths, with a crude rate of approximately 41.0 per 100,000 population, and an age-adjusted rate of approximately 42.1 per"
"100,000 population. These deaths will not be updated on the final mortality datasets."